date,Fitness_unscaled,Fitness_monthly,isPartial,scale,Fitness
2014-02-21,80,50.0,,0.5,40.0
2014-02-22,51,50.0,,0.5,25.5
2014-02-23,71,50.0,,0.5,35.5
2014-02-24,75,50.0,,0.5,37.5
2014-02-25,79,50.0,,0.5,39.5
2014-02-26,83,50.0,,0.5,41.5
2014-02-27,85,50.0,,0.5,42.5
2014-02-28,77,50.0,,0.5,38.5
2014-03-01,91,50.0,False,0.5,45.5
2014-03-02,94,50.0,,0.5,47.0
2014-03-03,93,50.0,,0.5,46.5
2014-03-04,100,50.0,,0.5,50.0
2014-03-05,89,50.0,,0.5,44.5
2014-03-06,87,50.0,,0.5,43.5
2014-03-07,88,50.0,,0.5,44.0
2014-03-08,89,50.0,,0.5,44.5
2014-03-09,79,50.0,,0.5,39.5
2014-03-10,95,50.0,,0.5,47.5
2014-03-11,94,50.0,,0.5,47.0
2014-03-12,84,50.0,,0.5,42.0
2014-03-13,77,50.0,,0.5,38.5
2014-03-14,83,50.0,,0.5,41.5
2014-03-15,67,50.0,,0.5,33.5
2014-03-16,84,50.0,,0.5,42.0
2014-03-17,86,50.0,,0.5,43.0
2014-03-18,98,50.0,,0.5,49.0
2014-03-19,89,50.0,,0.5,44.5
2014-03-20,78,50.0,,0.5,39.0
2014-03-21,82,50.0,,0.5,41.0
2014-03-22,72,50.0,,0.5,36.0
2014-03-23,92,50.0,,0.5,46.0
2014-03-24,97,50.0,,0.5,48.5
2014-03-25,90,50.0,,0.5,45.0
2014-03-26,95,50.0,,0.5,47.5
2014-03-27,92,50.0,,0.5,46.0
2014-03-28,93,50.0,,0.5,46.5
2014-03-29,80,50.0,,0.5,40.0
2014-03-30,88,50.0,,0.5,44.0
2014-03-31,83,50.0,,0.5,41.5
2014-04-01,96,47.0,False,0.47,45.12
2014-04-02,82,47.0,,0.47,38.54
2014-04-03,79,47.0,,0.47,37.129999999999995
2014-04-04,70,47.0,,0.47,32.9
2014-04-05,58,47.0,,0.47,27.259999999999998
2014-04-06,79,47.0,,0.47,37.129999999999995
2014-04-07,85,47.0,,0.47,39.949999999999996
2014-04-08,100,47.0,,0.47,47.0
2014-04-09,83,47.0,,0.47,39.01
2014-04-10,86,47.0,,0.47,40.419999999999995
2014-04-11,66,47.0,,0.47,31.02
2014-04-12,88,47.0,,0.47,41.36
2014-04-13,76,47.0,,0.47,35.72
2014-04-14,87,47.0,,0.47,40.89
2014-04-15,70,47.0,,0.47,32.9
2014-04-16,78,47.0,,0.47,36.66
2014-04-17,81,47.0,,0.47,38.07
2014-04-18,71,47.0,,0.47,33.37
2014-04-19,81,47.0,,0.47,38.07
2014-04-20,42,47.0,,0.47,19.74
2014-04-21,97,47.0,,0.47,45.589999999999996
2014-04-22,80,47.0,,0.47,37.599999999999994
2014-04-23,73,47.0,,0.47,34.309999999999995
2014-04-24,67,47.0,,0.47,31.49
2014-04-25,68,47.0,,0.47,31.959999999999997
2014-04-26,61,47.0,,0.47,28.669999999999998
2014-04-27,73,47.0,,0.47,34.309999999999995
2014-04-28,77,47.0,,0.47,36.19
2014-04-29,86,47.0,,0.47,40.419999999999995
2014-04-30,92,47.0,,0.47,43.239999999999995
2014-05-01,71,50.0,False,0.5,35.5
2014-05-02,78,50.0,,0.5,39.0
2014-05-03,72,50.0,,0.5,36.0
2014-05-04,59,50.0,,0.5,29.5
2014-05-05,82,50.0,,0.5,41.0
2014-05-06,85,50.0,,0.5,42.5
2014-05-07,92,50.0,,0.5,46.0
2014-05-08,76,50.0,,0.5,38.0
2014-05-09,77,50.0,,0.5,38.5
2014-05-10,79,50.0,,0.5,39.5
2014-05-11,72,50.0,,0.5,36.0
2014-05-12,87,50.0,,0.5,43.5
2014-05-13,87,50.0,,0.5,43.5
2014-05-14,76,50.0,,0.5,38.0
2014-05-15,82,50.0,,0.5,41.0
2014-05-16,77,50.0,,0.5,38.5
2014-05-17,85,50.0,,0.5,42.5
2014-05-18,56,50.0,,0.5,28.0
2014-05-19,80,50.0,,0.5,40.0
2014-05-20,83,50.0,,0.5,41.5
2014-05-21,90,50.0,,0.5,45.0
2014-05-22,73,50.0,,0.5,36.5
2014-05-23,70,50.0,,0.5,35.0
2014-05-24,75,50.0,,0.5,37.5
2014-05-25,70,50.0,,0.5,35.0
2014-05-26,70,50.0,,0.5,35.0
2014-05-27,100,50.0,,0.5,50.0
2014-05-28,82,50.0,,0.5,41.0
2014-05-29,74,50.0,,0.5,37.0
2014-05-30,85,50.0,,0.5,42.5
2014-05-31,99,50.0,,0.5,49.5
2014-06-01,91,44.0,False,0.44,40.04
2014-06-02,100,44.0,,0.44,44.0
2014-06-03,77,44.0,,0.44,33.88
2014-06-04,85,44.0,,0.44,37.4
2014-06-05,73,44.0,,0.44,32.12
2014-06-06,71,44.0,,0.44,31.24
2014-06-07,64,44.0,,0.44,28.16
2014-06-08,95,44.0,,0.44,41.8
2014-06-09,69,44.0,,0.44,30.36
2014-06-10,75,44.0,,0.44,33.0
2014-06-11,66,44.0,,0.44,29.04
2014-06-12,58,44.0,,0.44,25.52
2014-06-13,60,44.0,,0.44,26.4
2014-06-14,69,44.0,,0.44,30.36
2014-06-15,73,44.0,,0.44,32.12
2014-06-16,68,44.0,,0.44,29.92
2014-06-17,68,44.0,,0.44,29.92
2014-06-18,50,44.0,,0.44,22.0
2014-06-19,72,44.0,,0.44,31.68
2014-06-20,56,44.0,,0.44,24.64
2014-06-21,75,44.0,,0.44,33.0
2014-06-22,57,44.0,,0.44,25.080000000000002
2014-06-23,61,44.0,,0.44,26.84
2014-06-24,70,44.0,,0.44,30.8
2014-06-25,93,44.0,,0.44,40.92
2014-06-26,81,44.0,,0.44,35.64
2014-06-27,65,44.0,,0.44,28.6
2014-06-28,75,44.0,,0.44,33.0
2014-06-29,65,44.0,,0.44,28.6
2014-06-30,66,44.0,,0.44,29.04
2014-07-01,86,43.0,False,0.43,36.98
2014-07-02,90,43.0,,0.43,38.7
2014-07-03,67,43.0,,0.43,28.81
2014-07-04,73,43.0,,0.43,31.39
2014-07-05,69,43.0,,0.43,29.669999999999998
2014-07-06,82,43.0,,0.43,35.26
2014-07-07,90,43.0,,0.43,38.7
2014-07-08,97,43.0,,0.43,41.71
2014-07-09,83,43.0,,0.43,35.69
2014-07-10,65,43.0,,0.43,27.95
2014-07-11,85,43.0,,0.43,36.55
2014-07-12,91,43.0,,0.43,39.13
2014-07-13,79,43.0,,0.43,33.97
2014-07-14,84,43.0,,0.43,36.12
2014-07-15,83,43.0,,0.43,35.69
2014-07-16,90,43.0,,0.43,38.7
2014-07-17,51,43.0,,0.43,21.93
2014-07-18,82,43.0,,0.43,35.26
2014-07-19,69,43.0,,0.43,29.669999999999998
2014-07-20,68,43.0,,0.43,29.24
2014-07-21,100,43.0,,0.43,43.0
2014-07-22,82,43.0,,0.43,35.26
2014-07-23,64,43.0,,0.43,27.52
2014-07-24,82,43.0,,0.43,35.26
2014-07-25,88,43.0,,0.43,37.839999999999996
2014-07-26,75,43.0,,0.43,32.25
2014-07-27,62,43.0,,0.43,26.66
2014-07-28,73,43.0,,0.43,31.39
2014-07-29,100,43.0,,0.43,43.0
2014-07-30,72,43.0,,0.43,30.96
2014-07-31,69,43.0,,0.43,29.669999999999998
2014-08-01,55,49.0,False,0.49,26.95
2014-08-02,56,49.0,,0.49,27.439999999999998
2014-08-03,63,49.0,,0.49,30.87
2014-08-04,77,49.0,,0.49,37.73
2014-08-05,67,49.0,,0.49,32.83
2014-08-06,52,49.0,,0.49,25.48
2014-08-07,73,49.0,,0.49,35.769999999999996
2014-08-08,58,49.0,,0.49,28.419999999999998
2014-08-09,64,49.0,,0.49,31.36
2014-08-10,45,49.0,,0.49,22.05
2014-08-11,67,49.0,,0.49,32.83
2014-08-12,63,49.0,,0.49,30.87
2014-08-13,50,49.0,,0.49,24.5
2014-08-14,36,49.0,,0.49,17.64
2014-08-15,57,49.0,,0.49,27.93
2014-08-16,41,49.0,,0.49,20.09
2014-08-17,72,49.0,,0.49,35.28
2014-08-18,68,49.0,,0.49,33.32
2014-08-19,68,49.0,,0.49,33.32
2014-08-20,69,49.0,,0.49,33.81
2014-08-21,70,49.0,,0.49,34.3
2014-08-22,69,49.0,,0.49,33.81
2014-08-23,89,49.0,,0.49,43.61
2014-08-24,69,49.0,,0.49,33.81
2014-08-25,92,49.0,,0.49,45.08
2014-08-26,90,49.0,,0.49,44.1
2014-08-27,98,49.0,,0.49,48.019999999999996
2014-08-28,100,49.0,,0.49,49.0
2014-08-29,79,49.0,,0.49,38.71
2014-08-30,66,49.0,,0.49,32.339999999999996
2014-08-31,84,49.0,,0.49,41.16
2014-09-01,98,67.0,False,0.67,65.66000000000001
2014-09-02,86,67.0,,0.67,57.620000000000005
2014-09-03,85,67.0,,0.67,56.95
2014-09-04,85,67.0,,0.67,56.95
2014-09-05,77,67.0,,0.67,51.59
2014-09-06,74,67.0,,0.67,49.580000000000005
2014-09-07,71,67.0,,0.67,47.57
2014-09-08,92,67.0,,0.67,61.64
2014-09-09,69,67.0,,0.67,46.230000000000004
2014-09-10,91,67.0,,0.67,60.970000000000006
2014-09-11,85,67.0,,0.67,56.95
2014-09-12,71,67.0,,0.67,47.57
2014-09-13,62,67.0,,0.67,41.54
2014-09-14,74,67.0,,0.67,49.580000000000005
2014-09-15,88,67.0,,0.67,58.96
2014-09-16,100,67.0,,0.67,67.0
2014-09-17,88,67.0,,0.67,58.96
2014-09-18,83,67.0,,0.67,55.61000000000001
2014-09-19,90,67.0,,0.67,60.300000000000004
2014-09-20,75,67.0,,0.67,50.25
2014-09-21,67,67.0,,0.67,44.89
2014-09-22,77,67.0,,0.67,51.59
2014-09-23,88,67.0,,0.67,58.96
2014-09-24,79,67.0,,0.67,52.93
2014-09-25,81,67.0,,0.67,54.27
2014-09-26,65,67.0,,0.67,43.550000000000004
2014-09-27,57,67.0,,0.67,38.190000000000005
2014-09-28,58,67.0,,0.67,38.86
2014-09-29,91,67.0,,0.67,60.970000000000006
2014-09-30,84,67.0,,0.67,56.28
2014-10-01,95,53.0,False,0.53,50.35
2014-10-02,86,53.0,,0.53,45.580000000000005
2014-10-03,81,53.0,,0.53,42.93
2014-10-04,70,53.0,,0.53,37.1
2014-10-05,65,53.0,,0.53,34.45
2014-10-06,99,53.0,,0.53,52.470000000000006
2014-10-07,96,53.0,,0.53,50.88
2014-10-08,100,53.0,,0.53,53.0
2014-10-09,89,53.0,,0.53,47.17
2014-10-10,74,53.0,,0.53,39.22
2014-10-11,78,53.0,,0.53,41.34
2014-10-12,70,53.0,,0.53,37.1
2014-10-13,75,53.0,,0.53,39.75
2014-10-14,91,53.0,,0.53,48.230000000000004
2014-10-15,88,53.0,,0.53,46.64
2014-10-16,68,53.0,,0.53,36.04
2014-10-17,76,53.0,,0.53,40.28
2014-10-18,71,53.0,,0.53,37.63
2014-10-19,67,53.0,,0.53,35.510000000000005
2014-10-20,79,53.0,,0.53,41.870000000000005
2014-10-21,84,53.0,,0.53,44.52
2014-10-22,74,53.0,,0.53,39.22
2014-10-23,71,53.0,,0.53,37.63
2014-10-24,70,53.0,,0.53,37.1
2014-10-25,64,53.0,,0.53,33.92
2014-10-26,72,53.0,,0.53,38.160000000000004
2014-10-27,72,53.0,,0.53,38.160000000000004
2014-10-28,76,53.0,,0.53,40.28
2014-10-29,67,53.0,,0.53,35.510000000000005
2014-10-30,72,53.0,,0.53,38.160000000000004
2014-10-31,75,53.0,,0.53,39.75
2014-11-01,67,49.0,False,0.49,32.83
2014-11-02,67,49.0,,0.49,32.83
2014-11-03,100,49.0,,0.49,49.0
2014-11-04,81,49.0,,0.49,39.69
2014-11-05,85,49.0,,0.49,41.65
2014-11-06,80,49.0,,0.49,39.2
2014-11-07,83,49.0,,0.49,40.67
2014-11-08,95,49.0,,0.49,46.55
2014-11-09,83,49.0,,0.49,40.67
2014-11-10,92,49.0,,0.49,45.08
2014-11-11,91,49.0,,0.49,44.589999999999996
2014-11-12,62,49.0,,0.49,30.38
2014-11-13,82,49.0,,0.49,40.18
2014-11-14,77,49.0,,0.49,37.73
2014-11-15,81,49.0,,0.49,39.69
2014-11-16,71,49.0,,0.49,34.79
2014-11-17,79,49.0,,0.49,38.71
2014-11-18,69,49.0,,0.49,33.81
2014-11-19,93,49.0,,0.49,45.57
2014-11-20,83,49.0,,0.49,40.67
2014-11-21,74,49.0,,0.49,36.26
2014-11-22,88,49.0,,0.49,43.12
2014-11-23,54,49.0,,0.49,26.46
2014-11-24,86,49.0,,0.49,42.14
2014-11-25,81,49.0,,0.49,39.69
2014-11-26,78,49.0,,0.49,38.22
2014-11-27,74,49.0,,0.49,36.26
2014-11-28,76,49.0,,0.49,37.24
2014-11-29,78,49.0,,0.49,38.22
2014-11-30,62,49.0,,0.49,30.38
2014-12-01,79,41.0,False,0.41,32.39
2014-12-02,76,41.0,,0.41,31.159999999999997
2014-12-03,71,41.0,,0.41,29.11
2014-12-04,64,41.0,,0.41,26.24
2014-12-05,56,41.0,,0.41,22.959999999999997
2014-12-06,71,41.0,,0.41,29.11
2014-12-07,78,41.0,,0.41,31.979999999999997
2014-12-08,75,41.0,,0.41,30.749999999999996
2014-12-09,63,41.0,,0.41,25.83
2014-12-10,86,41.0,,0.41,35.26
2014-12-11,74,41.0,,0.41,30.34
2014-12-12,57,41.0,,0.41,23.369999999999997
2014-12-13,56,41.0,,0.41,22.959999999999997
2014-12-14,59,41.0,,0.41,24.189999999999998
2014-12-15,62,41.0,,0.41,25.419999999999998
2014-12-16,59,41.0,,0.41,24.189999999999998
2014-12-17,76,41.0,,0.41,31.159999999999997
2014-12-18,82,41.0,,0.41,33.62
2014-12-19,72,41.0,,0.41,29.52
2014-12-20,80,41.0,,0.41,32.8
2014-12-21,62,41.0,,0.41,25.419999999999998
2014-12-22,79,41.0,,0.41,32.39
2014-12-23,64,41.0,,0.41,26.24
2014-12-24,57,41.0,,0.41,23.369999999999997
2014-12-25,50,41.0,,0.41,20.5
2014-12-26,100,41.0,,0.41,41.0
2014-12-27,72,41.0,,0.41,29.52
2014-12-28,73,41.0,,0.41,29.93
2014-12-29,77,41.0,,0.41,31.569999999999997
2014-12-30,77,41.0,,0.41,31.569999999999997
2014-12-31,43,41.0,,0.41,17.63
2015-01-01,58,51.0,False,0.51,29.580000000000002
2015-01-02,70,51.0,,0.51,35.7
2015-01-03,73,51.0,,0.51,37.230000000000004
2015-01-04,73,51.0,,0.51,37.230000000000004
2015-01-05,87,51.0,,0.51,44.37
2015-01-06,90,51.0,,0.51,45.9
2015-01-07,88,51.0,,0.51,44.88
2015-01-08,72,51.0,,0.51,36.72
2015-01-09,83,51.0,,0.51,42.33
2015-01-10,84,51.0,,0.51,42.84
2015-01-11,100,51.0,,0.51,51.0
2015-01-12,95,51.0,,0.51,48.45
2015-01-13,79,51.0,,0.51,40.29
2015-01-14,92,51.0,,0.51,46.92
2015-01-15,85,51.0,,0.51,43.35
2015-01-16,68,51.0,,0.51,34.68
2015-01-17,74,51.0,,0.51,37.74
2015-01-18,73,51.0,,0.51,37.230000000000004
2015-01-19,87,51.0,,0.51,44.37
2015-01-20,96,51.0,,0.51,48.96
2015-01-21,75,51.0,,0.51,38.25
2015-01-22,84,51.0,,0.51,42.84
2015-01-23,84,51.0,,0.51,42.84
2015-01-24,72,51.0,,0.51,36.72
2015-01-25,76,51.0,,0.51,38.76
2015-01-26,99,51.0,,0.51,50.49
2015-01-27,75,51.0,,0.51,38.25
2015-01-28,93,51.0,,0.51,47.43
2015-01-29,74,51.0,,0.51,37.74
2015-01-30,69,51.0,,0.51,35.19
2015-01-31,83,51.0,,0.51,42.33
2015-02-01,74,50.0,False,0.5,37.0
2015-02-02,77,50.0,,0.5,38.5
2015-02-03,86,50.0,,0.5,43.0
2015-02-04,94,50.0,,0.5,47.0
2015-02-05,87,50.0,,0.5,43.5
2015-02-06,76,50.0,,0.5,38.0
2015-02-07,74,50.0,,0.5,37.0
2015-02-08,71,50.0,,0.5,35.5
2015-02-09,82,50.0,,0.5,41.0
2015-02-10,95,50.0,,0.5,47.5
2015-02-11,79,50.0,,0.5,39.5
2015-02-12,76,50.0,,0.5,38.0
2015-02-13,71,50.0,,0.5,35.5
2015-02-14,62,50.0,,0.5,31.0
2015-02-15,79,50.0,,0.5,39.5
2015-02-16,78,50.0,,0.5,39.0
2015-02-17,75,50.0,,0.5,37.5
2015-02-18,89,50.0,,0.5,44.5
2015-02-19,88,50.0,,0.5,44.0
2015-02-20,72,50.0,,0.5,36.0
2015-02-21,90,50.0,,0.5,45.0
2015-02-22,86,50.0,,0.5,43.0
2015-02-23,83,50.0,,0.5,41.5
2015-02-24,100,50.0,,0.5,50.0
2015-02-25,94,50.0,,0.5,47.0
2015-02-26,77,50.0,,0.5,38.5
2015-02-27,74,50.0,,0.5,37.0
2015-02-28,75,50.0,,0.5,37.5
2015-03-01,97,50.0,False,0.5,48.5
2015-03-02,94,50.0,,0.5,47.0
2015-03-03,100,50.0,,0.5,50.0
2015-03-04,88,50.0,,0.5,44.0
2015-03-05,74,50.0,,0.5,37.0
2015-03-06,83,50.0,,0.5,41.5
2015-03-07,81,50.0,,0.5,40.5
2015-03-08,74,50.0,,0.5,37.0
2015-03-09,73,50.0,,0.5,36.5
2015-03-10,83,50.0,,0.5,41.5
2015-03-11,79,50.0,,0.5,39.5
2015-03-12,93,50.0,,0.5,46.5
2015-03-13,74,50.0,,0.5,37.0
2015-03-14,92,50.0,,0.5,46.0
2015-03-15,75,50.0,,0.5,37.5
2015-03-16,84,50.0,,0.5,42.0
2015-03-17,86,50.0,,0.5,43.0
2015-03-18,85,50.0,,0.5,42.5
2015-03-19,66,50.0,,0.5,33.0
2015-03-20,70,50.0,,0.5,35.0
2015-03-21,87,50.0,,0.5,43.5
2015-03-22,73,50.0,,0.5,36.5
2015-03-23,89,50.0,,0.5,44.5
2015-03-24,79,50.0,,0.5,39.5
2015-03-25,71,50.0,,0.5,35.5
2015-03-26,81,50.0,,0.5,40.5
2015-03-27,72,50.0,,0.5,36.0
2015-03-28,68,50.0,,0.5,34.0
2015-03-29,65,50.0,,0.5,32.5
2015-03-30,75,50.0,,0.5,37.5
2015-03-31,84,50.0,,0.5,42.0
2015-04-01,65,50.0,False,0.5,32.5
2015-04-02,89,50.0,,0.5,44.5
2015-04-03,71,50.0,,0.5,35.5
2015-04-04,76,50.0,,0.5,38.0
2015-04-05,62,50.0,,0.5,31.0
2015-04-06,70,50.0,,0.5,35.0
2015-04-07,80,50.0,,0.5,40.0
2015-04-08,84,50.0,,0.5,42.0
2015-04-09,90,50.0,,0.5,45.0
2015-04-10,93,50.0,,0.5,46.5
2015-04-11,87,50.0,,0.5,43.5
2015-04-12,83,50.0,,0.5,41.5
2015-04-13,90,50.0,,0.5,45.0
2015-04-14,88,50.0,,0.5,44.0
2015-04-15,100,50.0,,0.5,50.0
2015-04-16,91,50.0,,0.5,45.5
2015-04-17,73,50.0,,0.5,36.5
2015-04-18,79,50.0,,0.5,39.5
2015-04-19,75,50.0,,0.5,37.5
2015-04-20,83,50.0,,0.5,41.5
2015-04-21,82,50.0,,0.5,41.0
2015-04-22,97,50.0,,0.5,48.5
2015-04-23,85,50.0,,0.5,42.5
2015-04-24,82,50.0,,0.5,41.0
2015-04-25,69,50.0,,0.5,34.5
2015-04-26,76,50.0,,0.5,38.0
2015-04-27,83,50.0,,0.5,41.5
2015-04-28,70,50.0,,0.5,35.0
2015-04-29,78,50.0,,0.5,39.0
2015-04-30,81,50.0,,0.5,40.5
2015-05-01,80,48.0,False,0.48,38.4
2015-05-02,79,48.0,,0.48,37.92
2015-05-03,72,48.0,,0.48,34.56
2015-05-04,86,48.0,,0.48,41.28
2015-05-05,71,48.0,,0.48,34.08
2015-05-06,86,48.0,,0.48,41.28
2015-05-07,77,48.0,,0.48,36.96
2015-05-08,59,48.0,,0.48,28.32
2015-05-09,75,48.0,,0.48,36.0
2015-05-10,80,48.0,,0.48,38.4
2015-05-11,68,48.0,,0.48,32.64
2015-05-12,75,48.0,,0.48,36.0
2015-05-13,71,48.0,,0.48,34.08
2015-05-14,82,48.0,,0.48,39.36
2015-05-15,81,48.0,,0.48,38.879999999999995
2015-05-16,65,48.0,,0.48,31.2
2015-05-17,73,48.0,,0.48,35.04
2015-05-18,78,48.0,,0.48,37.44
2015-05-19,83,48.0,,0.48,39.839999999999996
2015-05-20,78,48.0,,0.48,37.44
2015-05-21,67,48.0,,0.48,32.16
2015-05-22,72,48.0,,0.48,34.56
2015-05-23,73,48.0,,0.48,35.04
2015-05-24,74,48.0,,0.48,35.519999999999996
2015-05-25,95,48.0,,0.48,45.6
2015-05-26,90,48.0,,0.48,43.199999999999996
2015-05-27,92,48.0,,0.48,44.16
2015-05-28,89,48.0,,0.48,42.72
2015-05-29,80,48.0,,0.48,38.4
2015-05-30,100,48.0,,0.48,48.0
2015-05-31,84,48.0,,0.48,40.32
2015-06-01,81,44.0,False,0.44,35.64
2015-06-02,100,44.0,,0.44,44.0
2015-06-03,75,44.0,,0.44,33.0
2015-06-04,71,44.0,,0.44,31.24
2015-06-05,76,44.0,,0.44,33.44
2015-06-06,58,44.0,,0.44,25.52
2015-06-07,62,44.0,,0.44,27.28
2015-06-08,69,44.0,,0.44,30.36
2015-06-09,66,44.0,,0.44,29.04
2015-06-10,73,44.0,,0.44,32.12
2015-06-11,79,44.0,,0.44,34.76
2015-06-12,61,44.0,,0.44,26.84
2015-06-13,58,44.0,,0.44,25.52
2015-06-14,63,44.0,,0.44,27.72
2015-06-15,77,44.0,,0.44,33.88
2015-06-16,70,44.0,,0.44,30.8
2015-06-17,72,44.0,,0.44,31.68
2015-06-18,86,44.0,,0.44,37.84
2015-06-19,67,44.0,,0.44,29.48
2015-06-20,71,44.0,,0.44,31.24
2015-06-21,71,44.0,,0.44,31.24
2015-06-22,74,44.0,,0.44,32.56
2015-06-23,74,44.0,,0.44,32.56
2015-06-24,70,44.0,,0.44,30.8
2015-06-25,64,44.0,,0.44,28.16
2015-06-26,62,44.0,,0.44,27.28
2015-06-27,72,44.0,,0.44,31.68
2015-06-28,71,44.0,,0.44,31.24
2015-06-29,67,44.0,,0.44,29.48
2015-06-30,70,44.0,,0.44,30.8
2015-07-01,78,40.0,False,0.4,31.200000000000003
2015-07-02,82,40.0,,0.4,32.800000000000004
2015-07-03,100,40.0,,0.4,40.0
2015-07-04,95,40.0,,0.4,38.0
2015-07-05,91,40.0,,0.4,36.4
2015-07-06,79,40.0,,0.4,31.6
2015-07-07,99,40.0,,0.4,39.6
2015-07-08,75,40.0,,0.4,30.0
2015-07-09,91,40.0,,0.4,36.4
2015-07-10,80,40.0,,0.4,32.0
2015-07-11,87,40.0,,0.4,34.800000000000004
2015-07-12,90,40.0,,0.4,36.0
2015-07-13,94,40.0,,0.4,37.6
2015-07-14,80,40.0,,0.4,32.0
2015-07-15,70,40.0,,0.4,28.0
2015-07-16,90,40.0,,0.4,36.0
2015-07-17,94,40.0,,0.4,37.6
2015-07-18,83,40.0,,0.4,33.2
2015-07-19,89,40.0,,0.4,35.6
2015-07-20,91,40.0,,0.4,36.4
2015-07-21,90,40.0,,0.4,36.0
2015-07-22,82,40.0,,0.4,32.800000000000004
2015-07-23,68,40.0,,0.4,27.200000000000003
2015-07-24,71,40.0,,0.4,28.400000000000002
2015-07-25,60,40.0,,0.4,24.0
2015-07-26,89,40.0,,0.4,35.6
2015-07-27,88,40.0,,0.4,35.2
2015-07-28,82,40.0,,0.4,32.800000000000004
2015-07-29,80,40.0,,0.4,32.0
2015-07-30,71,40.0,,0.4,28.400000000000002
2015-07-31,70,40.0,,0.4,28.0
2015-08-01,57,48.0,False,0.48,27.36
2015-08-02,44,48.0,,0.48,21.119999999999997
2015-08-03,53,48.0,,0.48,25.439999999999998
2015-08-04,56,48.0,,0.48,26.88
2015-08-05,56,48.0,,0.48,26.88
2015-08-06,48,48.0,,0.48,23.04
2015-08-07,48,48.0,,0.48,23.04
2015-08-08,59,48.0,,0.48,28.32
2015-08-09,52,48.0,,0.48,24.96
2015-08-10,56,48.0,,0.48,26.88
2015-08-11,41,48.0,,0.48,19.68
2015-08-12,51,48.0,,0.48,24.48
2015-08-13,53,48.0,,0.48,25.439999999999998
2015-08-14,43,48.0,,0.48,20.64
2015-08-15,51,48.0,,0.48,24.48
2015-08-16,46,48.0,,0.48,22.08
2015-08-17,64,48.0,,0.48,30.72
2015-08-18,64,48.0,,0.48,30.72
2015-08-19,65,48.0,,0.48,31.2
2015-08-20,64,48.0,,0.48,30.72
2015-08-21,66,48.0,,0.48,31.68
2015-08-22,57,48.0,,0.48,27.36
2015-08-23,66,48.0,,0.48,31.68
2015-08-24,86,48.0,,0.48,41.28
2015-08-25,74,48.0,,0.48,35.519999999999996
2015-08-26,89,48.0,,0.48,42.72
2015-08-27,76,48.0,,0.48,36.48
2015-08-28,69,48.0,,0.48,33.12
2015-08-29,62,48.0,,0.48,29.759999999999998
2015-08-30,70,48.0,,0.48,33.6
2015-08-31,100,48.0,,0.48,48.0
2015-09-01,89,64.0,False,0.64,56.96
2015-09-02,82,64.0,,0.64,52.480000000000004
2015-09-03,85,64.0,,0.64,54.4
2015-09-04,83,64.0,,0.64,53.120000000000005
2015-09-05,73,64.0,,0.64,46.72
2015-09-06,73,64.0,,0.64,46.72
2015-09-07,99,64.0,,0.64,63.36
2015-09-08,100,64.0,,0.64,64.0
2015-09-09,90,64.0,,0.64,57.6
2015-09-10,87,64.0,,0.64,55.68
2015-09-11,74,64.0,,0.64,47.36
2015-09-12,70,64.0,,0.64,44.800000000000004
2015-09-13,69,64.0,,0.64,44.160000000000004
2015-09-14,92,64.0,,0.64,58.88
2015-09-15,93,64.0,,0.64,59.52
2015-09-16,76,64.0,,0.64,48.64
2015-09-17,73,64.0,,0.64,46.72
2015-09-18,65,64.0,,0.64,41.6
2015-09-19,58,64.0,,0.64,37.12
2015-09-20,73,64.0,,0.64,46.72
2015-09-21,72,64.0,,0.64,46.08
2015-09-22,84,64.0,,0.64,53.76
2015-09-23,71,64.0,,0.64,45.44
2015-09-24,68,64.0,,0.64,43.52
2015-09-25,66,64.0,,0.64,42.24
2015-09-26,64,64.0,,0.64,40.96
2015-09-27,68,64.0,,0.64,43.52
2015-09-28,89,64.0,,0.64,56.96
2015-09-29,80,64.0,,0.64,51.2
2015-09-30,70,64.0,,0.64,44.800000000000004
2015-10-01,70,50.0,False,0.5,35.0
2015-10-02,76,50.0,,0.5,38.0
2015-10-03,74,50.0,,0.5,37.0
2015-10-04,65,50.0,,0.5,32.5
2015-10-05,100,50.0,,0.5,50.0
2015-10-06,87,50.0,,0.5,43.5
2015-10-07,94,50.0,,0.5,47.0
2015-10-08,79,50.0,,0.5,39.5
2015-10-09,77,50.0,,0.5,38.5
2015-10-10,66,50.0,,0.5,33.0
2015-10-11,75,50.0,,0.5,37.5
2015-10-12,70,50.0,,0.5,35.0
2015-10-13,76,50.0,,0.5,38.0
2015-10-14,81,50.0,,0.5,40.5
2015-10-15,76,50.0,,0.5,38.0
2015-10-16,84,50.0,,0.5,42.0
2015-10-17,52,50.0,,0.5,26.0
2015-10-18,64,50.0,,0.5,32.0
2015-10-19,82,50.0,,0.5,41.0
2015-10-20,75,50.0,,0.5,37.5
2015-10-21,62,50.0,,0.5,31.0
2015-10-22,66,50.0,,0.5,33.0
2015-10-23,72,50.0,,0.5,36.0
2015-10-24,64,50.0,,0.5,32.0
2015-10-25,57,50.0,,0.5,28.5
2015-10-26,69,50.0,,0.5,34.5
2015-10-27,69,50.0,,0.5,34.5
2015-10-28,65,50.0,,0.5,32.5
2015-10-29,62,50.0,,0.5,31.0
2015-10-30,71,50.0,,0.5,35.5
2015-10-31,52,50.0,,0.5,26.0
2015-11-01,74,47.0,False,0.47,34.78
2015-11-02,82,47.0,,0.47,38.54
2015-11-03,93,47.0,,0.47,43.71
2015-11-04,79,47.0,,0.47,37.129999999999995
2015-11-05,77,47.0,,0.47,36.19
2015-11-06,84,47.0,,0.47,39.48
2015-11-07,68,47.0,,0.47,31.959999999999997
2015-11-08,82,47.0,,0.47,38.54
2015-11-09,80,47.0,,0.47,37.599999999999994
2015-11-10,77,47.0,,0.47,36.19
2015-11-11,85,47.0,,0.47,39.949999999999996
2015-11-12,72,47.0,,0.47,33.839999999999996
2015-11-13,63,47.0,,0.47,29.61
2015-11-14,66,47.0,,0.47,31.02
2015-11-15,72,47.0,,0.47,33.839999999999996
2015-11-16,85,47.0,,0.47,39.949999999999996
2015-11-17,87,47.0,,0.47,40.89
2015-11-18,69,47.0,,0.47,32.43
2015-11-19,64,47.0,,0.47,30.08
2015-11-20,80,47.0,,0.47,37.599999999999994
2015-11-21,77,47.0,,0.47,36.19
2015-11-22,79,47.0,,0.47,37.129999999999995
2015-11-23,100,47.0,,0.47,47.0
2015-11-24,87,47.0,,0.47,40.89
2015-11-25,77,47.0,,0.47,36.19
2015-11-26,76,47.0,,0.47,35.72
2015-11-27,77,47.0,,0.47,36.19
2015-11-28,64,47.0,,0.47,30.08
2015-11-29,68,47.0,,0.47,31.959999999999997
2015-11-30,76,47.0,,0.47,35.72
2015-12-01,85,45.0,False,0.45,38.25
2015-12-02,84,45.0,,0.45,37.800000000000004
2015-12-03,83,45.0,,0.45,37.35
2015-12-04,71,45.0,,0.45,31.95
2015-12-05,59,45.0,,0.45,26.55
2015-12-06,73,45.0,,0.45,32.85
2015-12-07,93,45.0,,0.45,41.85
2015-12-08,74,45.0,,0.45,33.300000000000004
2015-12-09,83,45.0,,0.45,37.35
2015-12-10,84,45.0,,0.45,37.800000000000004
2015-12-11,78,45.0,,0.45,35.1
2015-12-12,74,45.0,,0.45,33.300000000000004
2015-12-13,76,45.0,,0.45,34.2
2015-12-14,85,45.0,,0.45,38.25
2015-12-15,100,45.0,,0.45,45.0
2015-12-16,80,45.0,,0.45,36.0
2015-12-17,85,45.0,,0.45,38.25
2015-12-18,69,45.0,,0.45,31.05
2015-12-19,71,45.0,,0.45,31.95
2015-12-20,73,45.0,,0.45,32.85
2015-12-21,84,45.0,,0.45,37.800000000000004
2015-12-22,74,45.0,,0.45,33.300000000000004
2015-12-23,69,45.0,,0.45,31.05
2015-12-24,56,45.0,,0.45,25.2
2015-12-25,68,45.0,,0.45,30.6
2015-12-26,89,45.0,,0.45,40.050000000000004
2015-12-27,92,45.0,,0.45,41.4
2015-12-28,87,45.0,,0.45,39.15
2015-12-29,71,45.0,,0.45,31.95
2015-12-30,70,45.0,,0.45,31.5
2015-12-31,54,45.0,,0.45,24.3
2016-01-01,59,52.0,False,0.52,30.68
2016-01-02,70,52.0,,0.52,36.4
2016-01-03,59,52.0,,0.52,30.68
2016-01-04,73,52.0,,0.52,37.96
2016-01-05,78,52.0,,0.52,40.56
2016-01-06,76,52.0,,0.52,39.52
2016-01-07,74,52.0,,0.52,38.480000000000004
2016-01-08,74,52.0,,0.52,38.480000000000004
2016-01-09,72,52.0,,0.52,37.44
2016-01-10,67,52.0,,0.52,34.84
2016-01-11,80,52.0,,0.52,41.6
2016-01-12,84,52.0,,0.52,43.68
2016-01-13,100,52.0,,0.52,52.0
2016-01-14,71,52.0,,0.52,36.92
2016-01-15,81,52.0,,0.52,42.120000000000005
2016-01-16,68,52.0,,0.52,35.36
2016-01-17,58,52.0,,0.52,30.16
2016-01-18,75,52.0,,0.52,39.0
2016-01-19,77,52.0,,0.52,40.04
2016-01-20,74,52.0,,0.52,38.480000000000004
2016-01-21,62,52.0,,0.52,32.24
2016-01-22,65,52.0,,0.52,33.800000000000004
2016-01-23,68,52.0,,0.52,35.36
2016-01-24,66,52.0,,0.52,34.32
2016-01-25,66,52.0,,0.52,34.32
2016-01-26,72,52.0,,0.52,37.44
2016-01-27,83,52.0,,0.52,43.160000000000004
2016-01-28,76,52.0,,0.52,39.52
2016-01-29,62,52.0,,0.52,32.24
2016-01-30,63,52.0,,0.52,32.76
2016-01-31,68,52.0,,0.52,35.36
2016-02-01,87,49.0,False,0.49,42.63
2016-02-02,97,49.0,,0.49,47.53
2016-02-03,80,49.0,,0.49,39.2
2016-02-04,84,49.0,,0.49,41.16
2016-02-05,95,49.0,,0.49,46.55
2016-02-06,70,49.0,,0.49,34.3
2016-02-07,67,49.0,,0.49,32.83
2016-02-08,90,49.0,,0.49,44.1
2016-02-09,83,49.0,,0.49,40.67
2016-02-10,82,49.0,,0.49,40.18
2016-02-11,85,49.0,,0.49,41.65
2016-02-12,100,49.0,,0.49,49.0
2016-02-13,70,49.0,,0.49,34.3
2016-02-14,53,49.0,,0.49,25.97
2016-02-15,78,49.0,,0.49,38.22
2016-02-16,77,49.0,,0.49,37.73
2016-02-17,81,49.0,,0.49,39.69
2016-02-18,86,49.0,,0.49,42.14
2016-02-19,77,49.0,,0.49,37.73
2016-02-20,92,49.0,,0.49,45.08
2016-02-21,72,49.0,,0.49,35.28
2016-02-22,95,49.0,,0.49,46.55
2016-02-23,90,49.0,,0.49,44.1
2016-02-24,80,49.0,,0.49,39.2
2016-02-25,94,49.0,,0.49,46.06
2016-02-26,67,49.0,,0.49,32.83
2016-02-27,83,49.0,,0.49,40.67
2016-02-28,80,49.0,,0.49,39.2
2016-02-29,76,49.0,,0.49,37.24
2016-03-01,100,50.0,False,0.5,50.0
2016-03-02,96,50.0,,0.5,48.0
2016-03-03,77,50.0,,0.5,38.5
2016-03-04,80,50.0,,0.5,40.0
2016-03-05,82,50.0,,0.5,41.0
2016-03-06,77,50.0,,0.5,38.5
2016-03-07,93,50.0,,0.5,46.5
2016-03-08,86,50.0,,0.5,43.0
2016-03-09,78,50.0,,0.5,39.0
2016-03-10,91,50.0,,0.5,45.5
2016-03-11,87,50.0,,0.5,43.5
2016-03-12,75,50.0,,0.5,37.5
2016-03-13,81,50.0,,0.5,40.5
2016-03-14,91,50.0,,0.5,45.5
2016-03-15,96,50.0,,0.5,48.0
2016-03-16,70,50.0,,0.5,35.0
2016-03-17,72,50.0,,0.5,36.0
2016-03-18,85,50.0,,0.5,42.5
2016-03-19,59,50.0,,0.5,29.5
2016-03-20,61,50.0,,0.5,30.5
2016-03-21,63,50.0,,0.5,31.5
2016-03-22,99,50.0,,0.5,49.5
2016-03-23,84,50.0,,0.5,42.0
2016-03-24,64,50.0,,0.5,32.0
2016-03-25,77,50.0,,0.5,38.5
2016-03-26,78,50.0,,0.5,39.0
2016-03-27,80,50.0,,0.5,40.0
2016-03-28,95,50.0,,0.5,47.5
2016-03-29,75,50.0,,0.5,37.5
2016-03-30,86,50.0,,0.5,43.0
2016-03-31,91,50.0,,0.5,45.5
2016-04-01,92,46.0,False,0.46,42.32
2016-04-02,95,46.0,,0.46,43.7
2016-04-03,80,46.0,,0.46,36.800000000000004
2016-04-04,91,46.0,,0.46,41.86
2016-04-05,99,46.0,,0.46,45.54
2016-04-06,100,46.0,,0.46,46.0
2016-04-07,98,46.0,,0.46,45.080000000000005
2016-04-08,90,46.0,,0.46,41.4
2016-04-09,94,46.0,,0.46,43.24
2016-04-10,84,46.0,,0.46,38.64
2016-04-11,90,46.0,,0.46,41.4
2016-04-12,85,46.0,,0.46,39.1
2016-04-13,93,46.0,,0.46,42.78
2016-04-14,77,46.0,,0.46,35.42
2016-04-15,75,46.0,,0.46,34.5
2016-04-16,74,46.0,,0.46,34.04
2016-04-17,62,46.0,,0.46,28.52
2016-04-18,79,46.0,,0.46,36.34
2016-04-19,86,46.0,,0.46,39.56
2016-04-20,96,46.0,,0.46,44.160000000000004
2016-04-21,62,46.0,,0.46,28.52
2016-04-22,76,46.0,,0.46,34.96
2016-04-23,86,46.0,,0.46,39.56
2016-04-24,52,46.0,,0.46,23.92
2016-04-25,87,46.0,,0.46,40.02
2016-04-26,76,46.0,,0.46,34.96
2016-04-27,98,46.0,,0.46,45.080000000000005
2016-04-28,85,46.0,,0.46,39.1
2016-04-29,73,46.0,,0.46,33.58
2016-04-30,76,46.0,,0.46,34.96
2016-05-01,78,49.0,False,0.49,38.22
2016-05-02,66,49.0,,0.49,32.339999999999996
2016-05-03,81,49.0,,0.49,39.69
2016-05-04,100,49.0,,0.49,49.0
2016-05-05,94,49.0,,0.49,46.06
2016-05-06,72,49.0,,0.49,35.28
2016-05-07,75,49.0,,0.49,36.75
2016-05-08,79,49.0,,0.49,38.71
2016-05-09,80,49.0,,0.49,39.2
2016-05-10,94,49.0,,0.49,46.06
2016-05-11,88,49.0,,0.49,43.12
2016-05-12,82,49.0,,0.49,40.18
2016-05-13,83,49.0,,0.49,40.67
2016-05-14,84,49.0,,0.49,41.16
2016-05-15,60,49.0,,0.49,29.4
2016-05-16,80,49.0,,0.49,39.2
2016-05-17,89,49.0,,0.49,43.61
2016-05-18,83,49.0,,0.49,40.67
2016-05-19,87,49.0,,0.49,42.63
2016-05-20,77,49.0,,0.49,37.73
2016-05-21,74,49.0,,0.49,36.26
2016-05-22,62,49.0,,0.49,30.38
2016-05-23,88,49.0,,0.49,43.12
2016-05-24,85,49.0,,0.49,41.65
2016-05-25,71,49.0,,0.49,34.79
2016-05-26,71,49.0,,0.49,34.79
2016-05-27,74,49.0,,0.49,36.26
2016-05-28,77,49.0,,0.49,37.73
2016-05-29,83,49.0,,0.49,40.67
2016-05-30,82,49.0,,0.49,40.18
2016-05-31,81,49.0,,0.49,39.69
2016-06-01,70,46.0,False,0.46,32.2
2016-06-02,98,46.0,,0.46,45.080000000000005
2016-06-03,84,46.0,,0.46,38.64
2016-06-04,100,46.0,,0.46,46.0
2016-06-05,92,46.0,,0.46,42.32
2016-06-06,80,46.0,,0.46,36.800000000000004
2016-06-07,73,46.0,,0.46,33.58
2016-06-08,82,46.0,,0.46,37.72
2016-06-09,59,46.0,,0.46,27.14
2016-06-10,60,46.0,,0.46,27.6
2016-06-11,53,46.0,,0.46,24.380000000000003
2016-06-12,55,46.0,,0.46,25.3
2016-06-13,52,46.0,,0.46,23.92
2016-06-14,66,46.0,,0.46,30.360000000000003
2016-06-15,59,46.0,,0.46,27.14
2016-06-16,67,46.0,,0.46,30.82
2016-06-17,64,46.0,,0.46,29.44
2016-06-18,49,46.0,,0.46,22.540000000000003
2016-06-19,52,46.0,,0.46,23.92
2016-06-20,64,46.0,,0.46,29.44
2016-06-21,64,46.0,,0.46,29.44
2016-06-22,59,46.0,,0.46,27.14
2016-06-23,53,46.0,,0.46,24.380000000000003
2016-06-24,63,46.0,,0.46,28.98
2016-06-25,55,46.0,,0.46,25.3
2016-06-26,55,46.0,,0.46,25.3
2016-06-27,61,46.0,,0.46,28.060000000000002
2016-06-28,58,46.0,,0.46,26.68
2016-06-29,57,46.0,,0.46,26.220000000000002
2016-06-30,50,46.0,,0.46,23.0
2016-07-01,82,41.0,False,0.41,33.62
2016-07-02,79,41.0,,0.41,32.39
2016-07-03,78,41.0,,0.41,31.979999999999997
2016-07-04,86,41.0,,0.41,35.26
2016-07-05,100,41.0,,0.41,41.0
2016-07-06,77,41.0,,0.41,31.569999999999997
2016-07-07,85,41.0,,0.41,34.85
2016-07-08,66,41.0,,0.41,27.06
2016-07-09,65,41.0,,0.41,26.65
2016-07-10,88,41.0,,0.41,36.08
2016-07-11,69,41.0,,0.41,28.29
2016-07-12,72,41.0,,0.41,29.52
2016-07-13,73,41.0,,0.41,29.93
2016-07-14,71,41.0,,0.41,29.11
2016-07-15,52,41.0,,0.41,21.32
2016-07-16,67,41.0,,0.41,27.47
2016-07-17,66,41.0,,0.41,27.06
2016-07-18,89,41.0,,0.41,36.489999999999995
2016-07-19,70,41.0,,0.41,28.7
2016-07-20,82,41.0,,0.41,33.62
2016-07-21,80,41.0,,0.41,32.8
2016-07-22,68,41.0,,0.41,27.88
2016-07-23,61,41.0,,0.41,25.009999999999998
2016-07-24,62,41.0,,0.41,25.419999999999998
2016-07-25,61,41.0,,0.41,25.009999999999998
2016-07-26,67,41.0,,0.41,27.47
2016-07-27,75,41.0,,0.41,30.749999999999996
2016-07-28,71,41.0,,0.41,29.11
2016-07-29,71,41.0,,0.41,29.11
2016-07-30,88,41.0,,0.41,36.08
2016-07-31,76,41.0,,0.41,31.159999999999997
2016-08-01,67,44.0,False,0.44,29.48
2016-08-02,50,44.0,,0.44,22.0
2016-08-03,53,44.0,,0.44,23.32
2016-08-04,43,44.0,,0.44,18.92
2016-08-05,57,44.0,,0.44,25.080000000000002
2016-08-06,46,44.0,,0.44,20.24
2016-08-07,45,44.0,,0.44,19.8
2016-08-08,49,44.0,,0.44,21.56
2016-08-09,55,44.0,,0.44,24.2
2016-08-10,51,44.0,,0.44,22.44
2016-08-11,44,44.0,,0.44,19.36
2016-08-12,45,44.0,,0.44,19.8
2016-08-13,46,44.0,,0.44,20.24
2016-08-14,44,44.0,,0.44,19.36
2016-08-15,36,44.0,,0.44,15.84
2016-08-16,69,44.0,,0.44,30.36
2016-08-17,55,44.0,,0.44,24.2
2016-08-18,60,44.0,,0.44,26.4
2016-08-19,49,44.0,,0.44,21.56
2016-08-20,54,44.0,,0.44,23.76
2016-08-21,54,44.0,,0.44,23.76
2016-08-22,78,44.0,,0.44,34.32
2016-08-23,68,44.0,,0.44,29.92
2016-08-24,53,44.0,,0.44,23.32
2016-08-25,64,44.0,,0.44,28.16
2016-08-26,67,44.0,,0.44,29.48
2016-08-27,56,44.0,,0.44,24.64
2016-08-28,69,44.0,,0.44,30.36
2016-08-29,100,44.0,,0.44,44.0
2016-08-30,77,44.0,,0.44,33.88
2016-08-31,82,44.0,,0.44,36.08
2016-09-01,67,63.0,False,0.63,42.21
2016-09-02,65,63.0,,0.63,40.95
2016-09-03,64,63.0,,0.63,40.32
2016-09-04,63,63.0,,0.63,39.69
2016-09-05,85,63.0,,0.63,53.55
2016-09-06,71,63.0,,0.63,44.73
2016-09-07,67,63.0,,0.63,42.21
2016-09-08,74,63.0,,0.63,46.62
2016-09-09,67,63.0,,0.63,42.21
2016-09-10,59,63.0,,0.63,37.17
2016-09-11,68,63.0,,0.63,42.84
2016-09-12,79,63.0,,0.63,49.77
2016-09-13,60,63.0,,0.63,37.8
2016-09-14,68,63.0,,0.63,42.84
2016-09-15,67,63.0,,0.63,42.21
2016-09-16,76,63.0,,0.63,47.88
2016-09-17,75,63.0,,0.63,47.25
2016-09-18,90,63.0,,0.63,56.7
2016-09-19,100,63.0,,0.63,63.0
2016-09-20,71,63.0,,0.63,44.73
2016-09-21,65,63.0,,0.63,40.95
2016-09-22,67,63.0,,0.63,42.21
2016-09-23,60,63.0,,0.63,37.8
2016-09-24,59,63.0,,0.63,37.17
2016-09-25,56,63.0,,0.63,35.28
2016-09-26,69,63.0,,0.63,43.47
2016-09-27,71,63.0,,0.63,44.73
2016-09-28,62,63.0,,0.63,39.06
2016-09-29,63,63.0,,0.63,39.69
2016-09-30,57,63.0,,0.63,35.910000000000004
2016-10-01,74,54.0,False,0.54,39.96
2016-10-02,60,54.0,,0.54,32.400000000000006
2016-10-03,80,54.0,,0.54,43.2
2016-10-04,74,54.0,,0.54,39.96
2016-10-05,81,54.0,,0.54,43.74
2016-10-06,61,54.0,,0.54,32.940000000000005
2016-10-07,56,54.0,,0.54,30.240000000000002
2016-10-08,66,54.0,,0.54,35.64
2016-10-09,97,54.0,,0.54,52.38
2016-10-10,100,54.0,,0.54,54.0
2016-10-11,81,54.0,,0.54,43.74
2016-10-12,91,54.0,,0.54,49.14
2016-10-13,64,54.0,,0.54,34.56
2016-10-14,62,54.0,,0.54,33.480000000000004
2016-10-15,54,54.0,,0.54,29.160000000000004
2016-10-16,60,54.0,,0.54,32.400000000000006
2016-10-17,78,54.0,,0.54,42.120000000000005
2016-10-18,67,54.0,,0.54,36.18
2016-10-19,67,54.0,,0.54,36.18
2016-10-20,60,54.0,,0.54,32.400000000000006
2016-10-21,54,54.0,,0.54,29.160000000000004
2016-10-22,55,54.0,,0.54,29.700000000000003
2016-10-23,62,54.0,,0.54,33.480000000000004
2016-10-24,61,54.0,,0.54,32.940000000000005
2016-10-25,71,54.0,,0.54,38.34
2016-10-26,60,54.0,,0.54,32.400000000000006
2016-10-27,52,54.0,,0.54,28.080000000000002
2016-10-28,53,54.0,,0.54,28.62
2016-10-29,46,54.0,,0.54,24.840000000000003
2016-10-30,47,54.0,,0.54,25.380000000000003
2016-10-31,68,54.0,,0.54,36.72
2016-11-01,54,52.0,False,0.52,28.080000000000002
2016-11-02,59,52.0,,0.52,30.68
2016-11-03,51,52.0,,0.52,26.52
2016-11-04,67,52.0,,0.52,34.84
2016-11-05,56,52.0,,0.52,29.12
2016-11-06,63,52.0,,0.52,32.76
2016-11-07,56,52.0,,0.52,29.12
2016-11-08,60,52.0,,0.52,31.200000000000003
2016-11-09,89,52.0,,0.52,46.28
2016-11-10,100,52.0,,0.52,52.0
2016-11-11,89,52.0,,0.52,46.28
2016-11-12,77,52.0,,0.52,40.04
2016-11-13,55,52.0,,0.52,28.6
2016-11-14,68,52.0,,0.52,35.36
2016-11-15,66,52.0,,0.52,34.32
2016-11-16,57,52.0,,0.52,29.64
2016-11-17,48,52.0,,0.52,24.96
2016-11-18,53,52.0,,0.52,27.560000000000002
2016-11-19,54,52.0,,0.52,28.080000000000002
2016-11-20,55,52.0,,0.52,28.6
2016-11-21,60,52.0,,0.52,31.200000000000003
2016-11-22,57,52.0,,0.52,29.64
2016-11-23,61,52.0,,0.52,31.720000000000002
2016-11-24,60,52.0,,0.52,31.200000000000003
2016-11-25,51,52.0,,0.52,26.52
2016-11-26,58,52.0,,0.52,30.16
2016-11-27,61,52.0,,0.52,31.720000000000002
2016-11-28,57,52.0,,0.52,29.64
2016-11-29,54,52.0,,0.52,28.080000000000002
2016-11-30,63,52.0,,0.52,32.76
2016-12-01,56,47.0,False,0.47,26.32
2016-12-02,63,47.0,,0.47,29.61
2016-12-03,55,47.0,,0.47,25.849999999999998
2016-12-04,69,47.0,,0.47,32.43
2016-12-05,91,47.0,,0.47,42.769999999999996
2016-12-06,77,47.0,,0.47,36.19
2016-12-07,58,47.0,,0.47,27.259999999999998
2016-12-08,79,47.0,,0.47,37.129999999999995
2016-12-09,71,47.0,,0.47,33.37
2016-12-10,100,47.0,,0.47,47.0
2016-12-11,68,47.0,,0.47,31.959999999999997
2016-12-12,66,47.0,,0.47,31.02
2016-12-13,56,47.0,,0.47,26.32
2016-12-14,65,47.0,,0.47,30.549999999999997
2016-12-15,54,47.0,,0.47,25.38
2016-12-16,41,47.0,,0.47,19.27
2016-12-17,57,47.0,,0.47,26.79
2016-12-18,55,47.0,,0.47,25.849999999999998
2016-12-19,61,47.0,,0.47,28.669999999999998
2016-12-20,49,47.0,,0.47,23.029999999999998
2016-12-21,60,47.0,,0.47,28.2
2016-12-22,56,47.0,,0.47,26.32
2016-12-23,44,47.0,,0.47,20.68
2016-12-24,53,47.0,,0.47,24.91
2016-12-25,41,47.0,,0.47,19.27
2016-12-26,60,47.0,,0.47,28.2
2016-12-27,68,47.0,,0.47,31.959999999999997
2016-12-28,61,47.0,,0.47,28.669999999999998
2016-12-29,55,47.0,,0.47,25.849999999999998
2016-12-30,58,47.0,,0.47,27.259999999999998
2016-12-31,42,47.0,,0.47,19.74
2017-01-01,65,50.0,False,0.5,32.5
2017-01-02,95,50.0,,0.5,47.5
2017-01-03,93,50.0,,0.5,46.5
2017-01-04,91,50.0,,0.5,45.5
2017-01-05,88,50.0,,0.5,44.0
2017-01-06,71,50.0,,0.5,35.5
2017-01-07,78,50.0,,0.5,39.0
2017-01-08,89,50.0,,0.5,44.5
2017-01-09,100,50.0,,0.5,50.0
2017-01-10,83,50.0,,0.5,41.5
2017-01-11,86,50.0,,0.5,43.0
2017-01-12,80,50.0,,0.5,40.0
2017-01-13,80,50.0,,0.5,40.0
2017-01-14,81,50.0,,0.5,40.5
2017-01-15,65,50.0,,0.5,32.5
2017-01-16,95,50.0,,0.5,47.5
2017-01-17,89,50.0,,0.5,44.5
2017-01-18,82,50.0,,0.5,41.0
2017-01-19,80,50.0,,0.5,40.0
2017-01-20,75,50.0,,0.5,37.5
2017-01-21,73,50.0,,0.5,36.5
2017-01-22,73,50.0,,0.5,36.5
2017-01-23,89,50.0,,0.5,44.5
2017-01-24,96,50.0,,0.5,48.0
2017-01-25,99,50.0,,0.5,49.5
2017-01-26,93,50.0,,0.5,46.5
2017-01-27,83,50.0,,0.5,41.5
2017-01-28,76,50.0,,0.5,38.0
2017-01-29,82,50.0,,0.5,41.0
2017-01-30,86,50.0,,0.5,43.0
2017-01-31,79,50.0,,0.5,39.5
2017-02-01,100,50.0,False,0.5,50.0
2017-02-02,79,50.0,,0.5,39.5
2017-02-03,86,50.0,,0.5,43.0
2017-02-04,91,50.0,,0.5,45.5
2017-02-05,78,50.0,,0.5,39.0
2017-02-06,96,50.0,,0.5,48.0
2017-02-07,82,50.0,,0.5,41.0
2017-02-08,83,50.0,,0.5,41.5
2017-02-09,83,50.0,,0.5,41.5
2017-02-10,73,50.0,,0.5,36.5
2017-02-11,73,50.0,,0.5,36.5
2017-02-12,75,50.0,,0.5,37.5
2017-02-13,72,50.0,,0.5,36.0
2017-02-14,73,50.0,,0.5,36.5
2017-02-15,82,50.0,,0.5,41.0
2017-02-16,82,50.0,,0.5,41.0
2017-02-17,94,50.0,,0.5,47.0
2017-02-18,69,50.0,,0.5,34.5
2017-02-19,72,50.0,,0.5,36.0
2017-02-20,79,50.0,,0.5,39.5
2017-02-21,81,50.0,,0.5,40.5
2017-02-22,88,50.0,,0.5,44.0
2017-02-23,81,50.0,,0.5,40.5
2017-02-24,63,50.0,,0.5,31.5
2017-02-25,68,50.0,,0.5,34.0
2017-02-26,76,50.0,,0.5,38.0
2017-02-27,83,50.0,,0.5,41.5
2017-02-28,89,50.0,,0.5,44.5
2017-03-01,94,49.0,False,0.49,46.06
2017-03-02,83,49.0,,0.49,40.67
2017-03-03,88,49.0,,0.49,43.12
2017-03-04,83,49.0,,0.49,40.67
2017-03-05,81,49.0,,0.49,39.69
2017-03-06,83,49.0,,0.49,40.67
2017-03-07,82,49.0,,0.49,40.18
2017-03-08,83,49.0,,0.49,40.67
2017-03-09,78,49.0,,0.49,38.22
2017-03-10,89,49.0,,0.49,43.61
2017-03-11,89,49.0,,0.49,43.61
2017-03-12,82,49.0,,0.49,40.18
2017-03-13,99,49.0,,0.49,48.51
2017-03-14,89,49.0,,0.49,43.61
2017-03-15,96,49.0,,0.49,47.04
2017-03-16,76,49.0,,0.49,37.24
2017-03-17,81,49.0,,0.49,39.69
2017-03-18,57,49.0,,0.49,27.93
2017-03-19,71,49.0,,0.49,34.79
2017-03-20,92,49.0,,0.49,45.08
2017-03-21,83,49.0,,0.49,40.67
2017-03-22,97,49.0,,0.49,47.53
2017-03-23,88,49.0,,0.49,43.12
2017-03-24,96,49.0,,0.49,47.04
2017-03-25,83,49.0,,0.49,40.67
2017-03-26,76,49.0,,0.49,37.24
2017-03-27,95,49.0,,0.49,46.55
2017-03-28,100,49.0,,0.49,49.0
2017-03-29,91,49.0,,0.49,44.589999999999996
2017-03-30,84,49.0,,0.49,41.16
2017-03-31,79,49.0,,0.49,38.71
2017-04-01,61,48.0,False,0.48,29.279999999999998
2017-04-02,85,48.0,,0.48,40.8
2017-04-03,93,48.0,,0.48,44.64
2017-04-04,89,48.0,,0.48,42.72
2017-04-05,85,48.0,,0.48,40.8
2017-04-06,82,48.0,,0.48,39.36
2017-04-07,69,48.0,,0.48,33.12
2017-04-08,70,48.0,,0.48,33.6
2017-04-09,75,48.0,,0.48,36.0
2017-04-10,100,48.0,,0.48,48.0
2017-04-11,94,48.0,,0.48,45.12
2017-04-12,89,48.0,,0.48,42.72
2017-04-13,78,48.0,,0.48,37.44
2017-04-14,87,48.0,,0.48,41.76
2017-04-15,73,48.0,,0.48,35.04
2017-04-16,45,48.0,,0.48,21.599999999999998
2017-04-17,69,48.0,,0.48,33.12
2017-04-18,85,48.0,,0.48,40.8
2017-04-19,89,48.0,,0.48,42.72
2017-04-20,82,48.0,,0.48,39.36
2017-04-21,89,48.0,,0.48,42.72
2017-04-22,76,48.0,,0.48,36.48
2017-04-23,85,48.0,,0.48,40.8
2017-04-24,94,48.0,,0.48,45.12
2017-04-25,78,48.0,,0.48,37.44
2017-04-26,85,48.0,,0.48,40.8
2017-04-27,94,48.0,,0.48,45.12
2017-04-28,87,48.0,,0.48,41.76
2017-04-29,73,48.0,,0.48,35.04
2017-04-30,67,48.0,,0.48,32.16
2017-05-01,74,49.0,False,0.49,36.26
2017-05-02,78,49.0,,0.49,38.22
2017-05-03,81,49.0,,0.49,39.69
2017-05-04,86,49.0,,0.49,42.14
2017-05-05,71,49.0,,0.49,34.79
2017-05-06,70,49.0,,0.49,34.3
2017-05-07,64,49.0,,0.49,31.36
2017-05-08,80,49.0,,0.49,39.2
2017-05-09,82,49.0,,0.49,40.18
2017-05-10,71,49.0,,0.49,34.79
2017-05-11,74,49.0,,0.49,36.26
2017-05-12,80,49.0,,0.49,39.2
2017-05-13,53,49.0,,0.49,25.97
2017-05-14,62,49.0,,0.49,30.38
2017-05-15,76,49.0,,0.49,37.24
2017-05-16,71,49.0,,0.49,34.79
2017-05-17,65,49.0,,0.49,31.849999999999998
2017-05-18,77,49.0,,0.49,37.73
2017-05-19,72,49.0,,0.49,35.28
2017-05-20,62,49.0,,0.49,30.38
2017-05-21,49,49.0,,0.49,24.009999999999998
2017-05-22,82,49.0,,0.49,40.18
2017-05-23,83,49.0,,0.49,40.67
2017-05-24,76,49.0,,0.49,37.24
2017-05-25,75,49.0,,0.49,36.75
2017-05-26,64,49.0,,0.49,31.36
2017-05-27,68,49.0,,0.49,33.32
2017-05-28,70,49.0,,0.49,34.3
2017-05-29,87,49.0,,0.49,42.63
2017-05-30,78,49.0,,0.49,38.22
2017-05-31,100,49.0,,0.49,49.0
2017-06-01,100,46.0,False,0.46,46.0
2017-06-02,88,46.0,,0.46,40.480000000000004
2017-06-03,75,46.0,,0.46,34.5
2017-06-04,81,46.0,,0.46,37.260000000000005
2017-06-05,84,46.0,,0.46,38.64
2017-06-06,93,46.0,,0.46,42.78
2017-06-07,83,46.0,,0.46,38.18
2017-06-08,85,46.0,,0.46,39.1
2017-06-09,69,46.0,,0.46,31.740000000000002
2017-06-10,83,46.0,,0.46,38.18
2017-06-11,71,46.0,,0.46,32.660000000000004
2017-06-12,76,46.0,,0.46,34.96
2017-06-13,89,46.0,,0.46,40.940000000000005
2017-06-14,69,46.0,,0.46,31.740000000000002
2017-06-15,61,46.0,,0.46,28.060000000000002
2017-06-16,75,46.0,,0.46,34.5
2017-06-17,55,46.0,,0.46,25.3
2017-06-18,71,46.0,,0.46,32.660000000000004
2017-06-19,89,46.0,,0.46,40.940000000000005
2017-06-20,71,46.0,,0.46,32.660000000000004
2017-06-21,89,46.0,,0.46,40.940000000000005
2017-06-22,75,46.0,,0.46,34.5
2017-06-23,75,46.0,,0.46,34.5
2017-06-24,72,46.0,,0.46,33.120000000000005
2017-06-25,69,46.0,,0.46,31.740000000000002
2017-06-26,85,46.0,,0.46,39.1
2017-06-27,70,46.0,,0.46,32.2
2017-06-28,76,46.0,,0.46,34.96
2017-06-29,75,46.0,,0.46,34.5
2017-06-30,61,46.0,,0.46,28.060000000000002
2017-07-01,67,44.0,False,0.44,29.48
2017-07-02,62,44.0,,0.44,27.28
2017-07-03,63,44.0,,0.44,27.72
2017-07-04,65,44.0,,0.44,28.6
2017-07-05,66,44.0,,0.44,29.04
2017-07-06,66,44.0,,0.44,29.04
2017-07-07,59,44.0,,0.44,25.96
2017-07-08,61,44.0,,0.44,26.84
2017-07-09,61,44.0,,0.44,26.84
2017-07-10,80,44.0,,0.44,35.2
2017-07-11,78,44.0,,0.44,34.32
2017-07-12,56,44.0,,0.44,24.64
2017-07-13,69,44.0,,0.44,30.36
2017-07-14,62,44.0,,0.44,27.28
2017-07-15,73,44.0,,0.44,32.12
2017-07-16,56,44.0,,0.44,24.64
2017-07-17,52,44.0,,0.44,22.88
2017-07-18,74,44.0,,0.44,32.56
2017-07-19,68,44.0,,0.44,29.92
2017-07-20,84,44.0,,0.44,36.96
2017-07-21,62,44.0,,0.44,27.28
2017-07-22,53,44.0,,0.44,23.32
2017-07-23,61,44.0,,0.44,26.84
2017-07-24,78,44.0,,0.44,34.32
2017-07-25,64,44.0,,0.44,28.16
2017-07-26,73,44.0,,0.44,32.12
2017-07-27,71,44.0,,0.44,31.24
2017-07-28,67,44.0,,0.44,29.48
2017-07-29,61,44.0,,0.44,26.84
2017-07-30,74,44.0,,0.44,32.56
2017-07-31,100,44.0,,0.44,44.0
2017-08-01,56,46.0,False,0.46,25.76
2017-08-02,77,46.0,,0.46,35.42
2017-08-03,59,46.0,,0.46,27.14
2017-08-04,70,46.0,,0.46,32.2
2017-08-05,62,46.0,,0.46,28.52
2017-08-06,60,46.0,,0.46,27.6
2017-08-07,67,46.0,,0.46,30.82
2017-08-08,62,46.0,,0.46,28.52
2017-08-09,51,46.0,,0.46,23.46
2017-08-10,77,46.0,,0.46,35.42
2017-08-11,61,46.0,,0.46,28.060000000000002
2017-08-12,48,46.0,,0.46,22.080000000000002
2017-08-13,46,46.0,,0.46,21.16
2017-08-14,63,46.0,,0.46,28.98
2017-08-15,41,46.0,,0.46,18.86
2017-08-16,67,46.0,,0.46,30.82
2017-08-17,56,46.0,,0.46,25.76
2017-08-18,61,46.0,,0.46,28.060000000000002
2017-08-19,68,46.0,,0.46,31.28
2017-08-20,61,46.0,,0.46,28.060000000000002
2017-08-21,86,46.0,,0.46,39.56
2017-08-22,81,46.0,,0.46,37.260000000000005
2017-08-23,84,46.0,,0.46,38.64
2017-08-24,79,46.0,,0.46,36.34
2017-08-25,81,46.0,,0.46,37.260000000000005
2017-08-26,67,46.0,,0.46,30.82
2017-08-27,69,46.0,,0.46,31.740000000000002
2017-08-28,100,46.0,,0.46,46.0
2017-08-29,95,46.0,,0.46,43.7
2017-08-30,100,46.0,,0.46,46.0
2017-08-31,99,46.0,,0.46,45.54
2017-09-01,92,59.0,False,0.59,54.279999999999994
2017-09-02,80,59.0,,0.59,47.199999999999996
2017-09-03,89,59.0,,0.59,52.51
2017-09-04,100,59.0,,0.59,59.0
2017-09-05,98,59.0,,0.59,57.82
2017-09-06,99,59.0,,0.59,58.41
2017-09-07,87,59.0,,0.59,51.33
2017-09-08,81,59.0,,0.59,47.79
2017-09-09,84,59.0,,0.59,49.559999999999995
2017-09-10,74,59.0,,0.59,43.66
2017-09-11,99,59.0,,0.59,58.41
2017-09-12,90,59.0,,0.59,53.099999999999994
2017-09-13,94,59.0,,0.59,55.459999999999994
2017-09-14,83,59.0,,0.59,48.97
2017-09-15,77,59.0,,0.59,45.43
2017-09-16,73,59.0,,0.59,43.07
2017-09-17,73,59.0,,0.59,43.07
2017-09-18,92,59.0,,0.59,54.279999999999994
2017-09-19,80,59.0,,0.59,47.199999999999996
2017-09-20,89,59.0,,0.59,52.51
2017-09-21,85,59.0,,0.59,50.15
2017-09-22,68,59.0,,0.59,40.12
2017-09-23,74,59.0,,0.59,43.66
2017-09-24,69,59.0,,0.59,40.71
2017-09-25,85,59.0,,0.59,50.15
2017-09-26,82,59.0,,0.59,48.379999999999995
2017-09-27,76,59.0,,0.59,44.839999999999996
2017-09-28,85,59.0,,0.59,50.15
2017-09-29,76,59.0,,0.59,44.839999999999996
2017-09-30,58,59.0,,0.59,34.22
2017-10-01,86,51.0,False,0.51,43.86
2017-10-02,97,51.0,,0.51,49.47
2017-10-03,91,51.0,,0.51,46.410000000000004
2017-10-04,96,51.0,,0.51,48.96
2017-10-05,86,51.0,,0.51,43.86
2017-10-06,100,51.0,,0.51,51.0
2017-10-07,88,51.0,,0.51,44.88
2017-10-08,78,51.0,,0.51,39.78
2017-10-09,97,51.0,,0.51,49.47
2017-10-10,100,51.0,,0.51,51.0
2017-10-11,86,51.0,,0.51,43.86
2017-10-12,86,51.0,,0.51,43.86
2017-10-13,79,51.0,,0.51,40.29
2017-10-14,76,51.0,,0.51,38.76
2017-10-15,73,51.0,,0.51,37.230000000000004
2017-10-16,93,51.0,,0.51,47.43
2017-10-17,91,51.0,,0.51,46.410000000000004
2017-10-18,93,51.0,,0.51,47.43
2017-10-19,77,51.0,,0.51,39.27
2017-10-20,66,51.0,,0.51,33.660000000000004
2017-10-21,70,51.0,,0.51,35.7
2017-10-22,63,51.0,,0.51,32.13
2017-10-23,90,51.0,,0.51,45.9
2017-10-24,70,51.0,,0.51,35.7
2017-10-25,83,51.0,,0.51,42.33
2017-10-26,71,51.0,,0.51,36.21
2017-10-27,68,51.0,,0.51,34.68
2017-10-28,60,51.0,,0.51,30.6
2017-10-29,69,51.0,,0.51,35.19
2017-10-30,82,51.0,,0.51,41.82
2017-10-31,67,51.0,,0.51,34.17
2017-11-01,91,46.0,False,0.46,41.86
2017-11-02,82,46.0,,0.46,37.72
2017-11-03,71,46.0,,0.46,32.660000000000004
2017-11-04,79,46.0,,0.46,36.34
2017-11-05,67,46.0,,0.46,30.82
2017-11-06,81,46.0,,0.46,37.260000000000005
2017-11-07,86,46.0,,0.46,39.56
2017-11-08,78,46.0,,0.46,35.88
2017-11-09,77,46.0,,0.46,35.42
2017-11-10,90,46.0,,0.46,41.4
2017-11-11,70,46.0,,0.46,32.2
2017-11-12,79,46.0,,0.46,36.34
2017-11-13,81,46.0,,0.46,37.260000000000005
2017-11-14,82,46.0,,0.46,37.72
2017-11-15,73,46.0,,0.46,33.58
2017-11-16,78,46.0,,0.46,35.88
2017-11-17,67,46.0,,0.46,30.82
2017-11-18,73,46.0,,0.46,33.58
2017-11-19,65,46.0,,0.46,29.900000000000002
2017-11-20,93,46.0,,0.46,42.78
2017-11-21,100,46.0,,0.46,46.0
2017-11-22,84,46.0,,0.46,38.64
2017-11-23,78,46.0,,0.46,35.88
2017-11-24,79,46.0,,0.46,36.34
2017-11-25,71,46.0,,0.46,32.660000000000004
2017-11-26,69,46.0,,0.46,31.740000000000002
2017-11-27,86,46.0,,0.46,39.56
2017-11-28,78,46.0,,0.46,35.88
2017-11-29,89,46.0,,0.46,40.940000000000005
2017-11-30,68,46.0,,0.46,31.28
2017-12-01,78,42.0,False,0.42,32.76
2017-12-02,65,42.0,,0.42,27.3
2017-12-03,78,42.0,,0.42,32.76
2017-12-04,69,42.0,,0.42,28.98
2017-12-05,76,42.0,,0.42,31.919999999999998
2017-12-06,74,42.0,,0.42,31.08
2017-12-07,74,42.0,,0.42,31.08
2017-12-08,82,42.0,,0.42,34.44
2017-12-09,85,42.0,,0.42,35.699999999999996
2017-12-10,64,42.0,,0.42,26.88
2017-12-11,77,42.0,,0.42,32.339999999999996
2017-12-12,88,42.0,,0.42,36.96
2017-12-13,66,42.0,,0.42,27.72
2017-12-14,80,42.0,,0.42,33.6
2017-12-15,80,42.0,,0.42,33.6
2017-12-16,57,42.0,,0.42,23.939999999999998
2017-12-17,63,42.0,,0.42,26.459999999999997
2017-12-18,73,42.0,,0.42,30.66
2017-12-19,76,42.0,,0.42,31.919999999999998
2017-12-20,83,42.0,,0.42,34.86
2017-12-21,52,42.0,,0.42,21.84
2017-12-22,67,42.0,,0.42,28.14
2017-12-23,59,42.0,,0.42,24.779999999999998
2017-12-24,52,42.0,,0.42,21.84
2017-12-25,66,42.0,,0.42,27.72
2017-12-26,92,42.0,,0.42,38.64
2017-12-27,79,42.0,,0.42,33.18
2017-12-28,100,42.0,,0.42,42.0
2017-12-29,82,42.0,,0.42,34.44
2017-12-30,66,42.0,,0.42,27.72
2017-12-31,57,42.0,,0.42,23.939999999999998
2018-01-01,58,51.0,False,0.51,29.580000000000002
2018-01-02,76,51.0,,0.51,38.76
2018-01-03,84,51.0,,0.51,42.84
2018-01-04,87,51.0,,0.51,44.37
2018-01-05,65,51.0,,0.51,33.15
2018-01-06,74,51.0,,0.51,37.74
2018-01-07,78,51.0,,0.51,39.78
2018-01-08,100,51.0,,0.51,51.0
2018-01-09,84,51.0,,0.51,42.84
2018-01-10,77,51.0,,0.51,39.27
2018-01-11,72,51.0,,0.51,36.72
2018-01-12,76,51.0,,0.51,38.76
2018-01-13,65,51.0,,0.51,33.15
2018-01-14,66,51.0,,0.51,33.660000000000004
2018-01-15,77,51.0,,0.51,39.27
2018-01-16,80,51.0,,0.51,40.8
2018-01-17,78,51.0,,0.51,39.78
2018-01-18,71,51.0,,0.51,36.21
2018-01-19,69,51.0,,0.51,35.19
2018-01-20,65,51.0,,0.51,33.15
2018-01-21,59,51.0,,0.51,30.09
2018-01-22,78,51.0,,0.51,39.78
2018-01-23,79,51.0,,0.51,40.29
2018-01-24,61,51.0,,0.51,31.11
2018-01-25,78,51.0,,0.51,39.78
2018-01-26,78,51.0,,0.51,39.78
2018-01-27,71,51.0,,0.51,36.21
2018-01-28,77,51.0,,0.51,39.27
2018-01-29,74,51.0,,0.51,37.74
2018-01-30,71,51.0,,0.51,36.21
2018-01-31,73,51.0,,0.51,37.230000000000004
2018-02-01,84,48.0,False,0.48,40.32
2018-02-02,75,48.0,,0.48,36.0
2018-02-03,79,48.0,,0.48,37.92
2018-02-04,77,48.0,,0.48,36.96
2018-02-05,86,48.0,,0.48,41.28
2018-02-06,77,48.0,,0.48,36.96
2018-02-07,78,48.0,,0.48,37.44
2018-02-08,84,48.0,,0.48,40.32
2018-02-09,80,48.0,,0.48,38.4
2018-02-10,66,48.0,,0.48,31.68
2018-02-11,58,48.0,,0.48,27.84
2018-02-12,70,48.0,,0.48,33.6
2018-02-13,73,48.0,,0.48,35.04
2018-02-14,61,48.0,,0.48,29.279999999999998
2018-02-15,63,48.0,,0.48,30.24
2018-02-16,89,48.0,,0.48,42.72
2018-02-17,69,48.0,,0.48,33.12
2018-02-18,100,48.0,,0.48,48.0
2018-02-19,82,48.0,,0.48,39.36
2018-02-20,81,48.0,,0.48,38.879999999999995
2018-02-21,83,48.0,,0.48,39.839999999999996
2018-02-22,82,48.0,,0.48,39.36
2018-02-23,87,48.0,,0.48,41.76
2018-02-24,82,48.0,,0.48,39.36
2018-02-25,68,48.0,,0.48,32.64
2018-02-26,78,48.0,,0.48,37.44
2018-02-27,70,48.0,,0.48,33.6
2018-02-28,67,48.0,,0.48,32.16
2018-03-01,81,47.0,False,0.47,38.07
2018-03-02,83,47.0,,0.47,39.01
2018-03-03,82,47.0,,0.47,38.54
2018-03-04,63,47.0,,0.47,29.61
2018-03-05,73,47.0,,0.47,34.309999999999995
2018-03-06,88,47.0,,0.47,41.36
2018-03-07,82,47.0,,0.47,38.54
2018-03-08,81,47.0,,0.47,38.07
2018-03-09,67,47.0,,0.47,31.49
2018-03-10,84,47.0,,0.47,39.48
2018-03-11,81,47.0,,0.47,38.07
2018-03-12,95,47.0,,0.47,44.65
2018-03-13,93,47.0,,0.47,43.71
2018-03-14,87,47.0,,0.47,40.89
2018-03-15,71,47.0,,0.47,33.37
2018-03-16,81,47.0,,0.47,38.07
2018-03-17,70,47.0,,0.47,32.9
2018-03-18,78,47.0,,0.47,36.66
2018-03-19,83,47.0,,0.47,39.01
2018-03-20,83,47.0,,0.47,39.01
2018-03-21,100,47.0,,0.47,47.0
2018-03-22,73,47.0,,0.47,34.309999999999995
2018-03-23,83,47.0,,0.47,39.01
2018-03-24,72,47.0,,0.47,33.839999999999996
2018-03-25,81,47.0,,0.47,38.07
2018-03-26,83,47.0,,0.47,39.01
2018-03-27,70,47.0,,0.47,32.9
2018-03-28,80,47.0,,0.47,37.599999999999994
2018-03-29,81,47.0,,0.47,38.07
2018-03-30,87,47.0,,0.47,40.89
2018-03-31,76,47.0,,0.47,35.72
2018-04-01,56,45.0,False,0.45,25.2
2018-04-02,73,45.0,,0.45,32.85
2018-04-03,81,45.0,,0.45,36.45
2018-04-04,74,45.0,,0.45,33.300000000000004
2018-04-05,84,45.0,,0.45,37.800000000000004
2018-04-06,66,45.0,,0.45,29.7
2018-04-07,60,45.0,,0.45,27.0
2018-04-08,62,45.0,,0.45,27.900000000000002
2018-04-09,89,45.0,,0.45,40.050000000000004
2018-04-10,100,45.0,,0.45,45.0
2018-04-11,70,45.0,,0.45,31.5
2018-04-12,64,45.0,,0.45,28.8
2018-04-13,64,45.0,,0.45,28.8
2018-04-14,81,45.0,,0.45,36.45
2018-04-15,71,45.0,,0.45,31.95
2018-04-16,86,45.0,,0.45,38.7
2018-04-17,78,45.0,,0.45,35.1
2018-04-18,73,45.0,,0.45,32.85
2018-04-19,87,45.0,,0.45,39.15
2018-04-20,66,45.0,,0.45,29.7
2018-04-21,70,45.0,,0.45,31.5
2018-04-22,67,45.0,,0.45,30.150000000000002
2018-04-23,99,45.0,,0.45,44.550000000000004
2018-04-24,77,45.0,,0.45,34.65
2018-04-25,98,45.0,,0.45,44.1
2018-04-26,66,45.0,,0.45,29.7
2018-04-27,75,45.0,,0.45,33.75
2018-04-28,75,45.0,,0.45,33.75
2018-04-29,70,45.0,,0.45,31.5
2018-04-30,92,45.0,,0.45,41.4
2018-05-01,87,44.0,False,0.44,38.28
2018-05-02,100,44.0,,0.44,44.0
2018-05-03,78,44.0,,0.44,34.32
2018-05-04,80,44.0,,0.44,35.2
2018-05-05,78,44.0,,0.44,34.32
2018-05-06,85,44.0,,0.44,37.4
2018-05-07,93,44.0,,0.44,40.92
2018-05-08,85,44.0,,0.44,37.4
2018-05-09,100,44.0,,0.44,44.0
2018-05-10,86,44.0,,0.44,37.84
2018-05-11,82,44.0,,0.44,36.08
2018-05-12,76,44.0,,0.44,33.44
2018-05-13,75,44.0,,0.44,33.0
2018-05-14,86,44.0,,0.44,37.84
2018-05-15,87,44.0,,0.44,38.28
2018-05-16,79,44.0,,0.44,34.76
2018-05-17,81,44.0,,0.44,35.64
2018-05-18,83,44.0,,0.44,36.52
2018-05-19,86,44.0,,0.44,37.84
2018-05-20,72,44.0,,0.44,31.68
2018-05-21,97,44.0,,0.44,42.68
2018-05-22,93,44.0,,0.44,40.92
2018-05-23,96,44.0,,0.44,42.24
2018-05-24,93,44.0,,0.44,40.92
2018-05-25,98,44.0,,0.44,43.12
2018-05-26,100,44.0,,0.44,44.0
2018-05-27,77,44.0,,0.44,33.88
2018-05-28,77,44.0,,0.44,33.88
2018-05-29,96,44.0,,0.44,42.24
2018-05-30,95,44.0,,0.44,41.8
2018-05-31,90,44.0,,0.44,39.6
2018-06-01,90,44.0,False,0.44,39.6
2018-06-02,89,44.0,,0.44,39.160000000000004
2018-06-03,85,44.0,,0.44,37.4
2018-06-04,100,44.0,,0.44,44.0
2018-06-05,81,44.0,,0.44,35.64
2018-06-06,72,44.0,,0.44,31.68
2018-06-07,68,44.0,,0.44,29.92
2018-06-08,62,44.0,,0.44,27.28
2018-06-09,88,44.0,,0.44,38.72
2018-06-10,66,44.0,,0.44,29.04
2018-06-11,76,44.0,,0.44,33.44
2018-06-12,87,44.0,,0.44,38.28
2018-06-13,86,44.0,,0.44,37.84
2018-06-14,71,44.0,,0.44,31.24
2018-06-15,74,44.0,,0.44,32.56
2018-06-16,79,44.0,,0.44,34.76
2018-06-17,79,44.0,,0.44,34.76
2018-06-18,78,44.0,,0.44,34.32
2018-06-19,78,44.0,,0.44,34.32
2018-06-20,80,44.0,,0.44,35.2
2018-06-21,58,44.0,,0.44,25.52
2018-06-22,78,44.0,,0.44,34.32
2018-06-23,78,44.0,,0.44,34.32
2018-06-24,80,44.0,,0.44,35.2
2018-06-25,78,44.0,,0.44,34.32
2018-06-26,62,44.0,,0.44,27.28
2018-06-27,73,44.0,,0.44,32.12
2018-06-28,78,44.0,,0.44,34.32
2018-06-29,61,44.0,,0.44,26.84
2018-06-30,74,44.0,,0.44,32.56
2018-07-01,90,43.0,False,0.43,38.7
2018-07-02,100,43.0,,0.43,43.0
2018-07-03,77,43.0,,0.43,33.11
2018-07-04,91,43.0,,0.43,39.13
2018-07-05,57,43.0,,0.43,24.509999999999998
2018-07-06,68,43.0,,0.43,29.24
2018-07-07,81,43.0,,0.43,34.83
2018-07-08,67,43.0,,0.43,28.81
2018-07-09,70,43.0,,0.43,30.099999999999998
2018-07-10,69,43.0,,0.43,29.669999999999998
2018-07-11,79,43.0,,0.43,33.97
2018-07-12,80,43.0,,0.43,34.4
2018-07-13,66,43.0,,0.43,28.38
2018-07-14,87,43.0,,0.43,37.41
2018-07-15,63,43.0,,0.43,27.09
2018-07-16,67,43.0,,0.43,28.81
2018-07-17,88,43.0,,0.43,37.839999999999996
2018-07-18,82,43.0,,0.43,35.26
2018-07-19,73,43.0,,0.43,31.39
2018-07-20,74,43.0,,0.43,31.82
2018-07-21,73,43.0,,0.43,31.39
2018-07-22,71,43.0,,0.43,30.53
2018-07-23,76,43.0,,0.43,32.68
2018-07-24,83,43.0,,0.43,35.69
2018-07-25,69,43.0,,0.43,29.669999999999998
2018-07-26,64,43.0,,0.43,27.52
2018-07-27,76,43.0,,0.43,32.68
2018-07-28,72,43.0,,0.43,30.96
2018-07-29,74,43.0,,0.43,31.82
2018-07-30,81,43.0,,0.43,34.83
2018-07-31,85,43.0,,0.43,36.55
2018-08-01,56,45.0,False,0.45,25.2
2018-08-02,50,45.0,,0.45,22.5
2018-08-03,52,45.0,,0.45,23.400000000000002
2018-08-04,55,45.0,,0.45,24.75
2018-08-05,40,45.0,,0.45,18.0
2018-08-06,61,45.0,,0.45,27.45
2018-08-07,45,45.0,,0.45,20.25
2018-08-08,58,45.0,,0.45,26.1
2018-08-09,54,45.0,,0.45,24.3
2018-08-10,54,45.0,,0.45,24.3
2018-08-11,46,45.0,,0.45,20.7
2018-08-12,46,45.0,,0.45,20.7
2018-08-13,52,45.0,,0.45,23.400000000000002
2018-08-14,44,45.0,,0.45,19.8
2018-08-15,41,45.0,,0.45,18.45
2018-08-16,37,45.0,,0.45,16.650000000000002
2018-08-17,55,45.0,,0.45,24.75
2018-08-18,43,45.0,,0.45,19.35
2018-08-19,54,45.0,,0.45,24.3
2018-08-20,77,45.0,,0.45,34.65
2018-08-21,54,45.0,,0.45,24.3
2018-08-22,65,45.0,,0.45,29.25
2018-08-23,70,45.0,,0.45,31.5
2018-08-24,66,45.0,,0.45,29.7
2018-08-25,51,45.0,,0.45,22.95
2018-08-26,68,45.0,,0.45,30.6
2018-08-27,100,45.0,,0.45,45.0
2018-08-28,79,45.0,,0.45,35.550000000000004
2018-08-29,78,45.0,,0.45,35.1
2018-08-30,76,45.0,,0.45,34.2
2018-08-31,77,45.0,,0.45,34.65
2018-09-01,73,59.0,False,0.59,43.07
2018-09-02,62,59.0,,0.59,36.58
2018-09-03,95,59.0,,0.59,56.05
2018-09-04,100,59.0,,0.59,59.0
2018-09-05,84,59.0,,0.59,49.559999999999995
2018-09-06,78,59.0,,0.59,46.019999999999996
2018-09-07,73,59.0,,0.59,43.07
2018-09-08,71,59.0,,0.59,41.89
2018-09-09,70,59.0,,0.59,41.3
2018-09-10,80,59.0,,0.59,47.199999999999996
2018-09-11,74,59.0,,0.59,43.66
2018-09-12,91,59.0,,0.59,53.69
2018-09-13,76,59.0,,0.59,44.839999999999996
2018-09-14,66,59.0,,0.59,38.94
2018-09-15,69,59.0,,0.59,40.71
2018-09-16,65,59.0,,0.59,38.35
2018-09-17,93,59.0,,0.59,54.87
2018-09-18,84,59.0,,0.59,49.559999999999995
2018-09-19,69,59.0,,0.59,40.71
2018-09-20,75,59.0,,0.59,44.25
2018-09-21,72,59.0,,0.59,42.48
2018-09-22,68,59.0,,0.59,40.12
2018-09-23,63,59.0,,0.59,37.169999999999995
2018-09-24,71,59.0,,0.59,41.89
2018-09-25,73,59.0,,0.59,43.07
2018-09-26,62,59.0,,0.59,36.58
2018-09-27,60,59.0,,0.59,35.4
2018-09-28,70,59.0,,0.59,41.3
2018-09-29,71,59.0,,0.59,41.89
2018-09-30,56,59.0,,0.59,33.04
2018-10-01,96,49.0,False,0.49,47.04
2018-10-02,92,49.0,,0.49,45.08
2018-10-03,79,49.0,,0.49,38.71
2018-10-04,94,49.0,,0.49,46.06
2018-10-05,86,49.0,,0.49,42.14
2018-10-06,84,49.0,,0.49,41.16
2018-10-07,71,49.0,,0.49,34.79
2018-10-08,89,49.0,,0.49,43.61
2018-10-09,96,49.0,,0.49,47.04
2018-10-10,100,49.0,,0.49,49.0
2018-10-11,93,49.0,,0.49,45.57
2018-10-12,65,49.0,,0.49,31.849999999999998
2018-10-13,74,49.0,,0.49,36.26
2018-10-14,72,49.0,,0.49,35.28
2018-10-15,92,49.0,,0.49,45.08
2018-10-16,100,49.0,,0.49,49.0
2018-10-17,94,49.0,,0.49,46.06
2018-10-18,89,49.0,,0.49,43.61
2018-10-19,77,49.0,,0.49,37.73
2018-10-20,72,49.0,,0.49,35.28
2018-10-21,59,49.0,,0.49,28.91
2018-10-22,85,49.0,,0.49,41.65
2018-10-23,87,49.0,,0.49,42.63
2018-10-24,81,49.0,,0.49,39.69
2018-10-25,78,49.0,,0.49,38.22
2018-10-26,71,49.0,,0.49,34.79
2018-10-27,66,49.0,,0.49,32.339999999999996
2018-10-28,74,49.0,,0.49,36.26
2018-10-29,65,49.0,,0.49,31.849999999999998
2018-10-30,75,49.0,,0.49,36.75
2018-10-31,62,49.0,,0.49,30.38
2018-11-01,82,45.0,False,0.45,36.9
2018-11-02,83,45.0,,0.45,37.35
2018-11-03,77,45.0,,0.45,34.65
2018-11-04,76,45.0,,0.45,34.2
2018-11-05,100,45.0,,0.45,45.0
2018-11-06,69,45.0,,0.45,31.05
2018-11-07,71,45.0,,0.45,31.95
2018-11-08,80,45.0,,0.45,36.0
2018-11-09,85,45.0,,0.45,38.25
2018-11-10,89,45.0,,0.45,40.050000000000004
2018-11-11,60,45.0,,0.45,27.0
2018-11-12,90,45.0,,0.45,40.5
2018-11-13,93,45.0,,0.45,41.85
2018-11-14,69,45.0,,0.45,31.05
2018-11-15,79,45.0,,0.45,35.550000000000004
2018-11-16,85,45.0,,0.45,38.25
2018-11-17,86,45.0,,0.45,38.7
2018-11-18,70,45.0,,0.45,31.5
2018-11-19,85,45.0,,0.45,38.25
2018-11-20,94,45.0,,0.45,42.300000000000004
2018-11-21,73,45.0,,0.45,32.85
2018-11-22,80,45.0,,0.45,36.0
2018-11-23,80,45.0,,0.45,36.0
2018-11-24,78,45.0,,0.45,35.1
2018-11-25,72,45.0,,0.45,32.4
2018-11-26,80,45.0,,0.45,36.0
2018-11-27,68,45.0,,0.45,30.6
2018-11-28,77,45.0,,0.45,34.65
2018-11-29,66,45.0,,0.45,29.7
2018-11-30,55,45.0,,0.45,24.75
2018-12-01,81,42.0,False,0.42,34.019999999999996
2018-12-02,69,42.0,,0.42,28.98
2018-12-03,91,42.0,,0.42,38.22
2018-12-04,80,42.0,,0.42,33.6
2018-12-05,100,42.0,,0.42,42.0
2018-12-06,99,42.0,,0.42,41.58
2018-12-07,82,42.0,,0.42,34.44
2018-12-08,69,42.0,,0.42,28.98
2018-12-09,64,42.0,,0.42,26.88
2018-12-10,84,42.0,,0.42,35.28
2018-12-11,85,42.0,,0.42,35.699999999999996
2018-12-12,85,42.0,,0.42,35.699999999999996
2018-12-13,70,42.0,,0.42,29.4
2018-12-14,84,42.0,,0.42,35.28
2018-12-15,54,42.0,,0.42,22.68
2018-12-16,82,42.0,,0.42,34.44
2018-12-17,84,42.0,,0.42,35.28
2018-12-18,74,42.0,,0.42,31.08
2018-12-19,82,42.0,,0.42,34.44
2018-12-20,91,42.0,,0.42,38.22
2018-12-21,95,42.0,,0.42,39.9
2018-12-22,88,42.0,,0.42,36.96
2018-12-23,82,42.0,,0.42,34.44
2018-12-24,96,42.0,,0.42,40.32
2018-12-25,87,42.0,,0.42,36.54
2018-12-26,84,42.0,,0.42,35.28
2018-12-27,83,42.0,,0.42,34.86
2018-12-28,99,42.0,,0.42,41.58
2018-12-29,83,42.0,,0.42,34.86
2018-12-30,99,42.0,,0.42,41.58
2018-12-31,82,42.0,,0.42,34.44
2019-01-01,74,49.0,False,0.49,36.26
2019-01-02,92,49.0,,0.49,45.08
2019-01-03,84,49.0,,0.49,41.16
2019-01-04,85,49.0,,0.49,41.65
2019-01-05,77,49.0,,0.49,37.73
2019-01-06,78,49.0,,0.49,38.22
2019-01-07,100,49.0,,0.49,49.0
2019-01-08,89,49.0,,0.49,43.61
2019-01-09,93,49.0,,0.49,45.57
2019-01-10,81,49.0,,0.49,39.69
2019-01-11,78,49.0,,0.49,38.22
2019-01-12,75,49.0,,0.49,36.75
2019-01-13,78,49.0,,0.49,38.22
2019-01-14,76,49.0,,0.49,37.24
2019-01-15,87,49.0,,0.49,42.63
2019-01-16,90,49.0,,0.49,44.1
2019-01-17,88,49.0,,0.49,43.12
2019-01-18,77,49.0,,0.49,37.73
2019-01-19,86,49.0,,0.49,42.14
2019-01-20,70,49.0,,0.49,34.3
2019-01-21,91,49.0,,0.49,44.589999999999996
2019-01-22,93,49.0,,0.49,45.57
2019-01-23,89,49.0,,0.49,43.61
2019-01-24,84,49.0,,0.49,41.16
2019-01-25,82,49.0,,0.49,40.18
2019-01-26,74,49.0,,0.49,36.26
2019-01-27,92,49.0,,0.49,45.08
2019-01-28,72,49.0,,0.49,35.28
2019-01-29,89,49.0,,0.49,43.61
2019-01-30,84,49.0,,0.49,41.16
2019-01-31,71,49.0,,0.49,34.79
2019-02-01,65,48.0,False,0.48,31.2
2019-02-02,94,48.0,,0.48,45.12
2019-02-03,83,48.0,,0.48,39.839999999999996
2019-02-04,100,48.0,,0.48,48.0
2019-02-05,85,48.0,,0.48,40.8
2019-02-06,80,48.0,,0.48,38.4
2019-02-07,80,48.0,,0.48,38.4
2019-02-08,83,48.0,,0.48,39.839999999999996
2019-02-09,84,48.0,,0.48,40.32
2019-02-10,70,48.0,,0.48,33.6
2019-02-11,100,48.0,,0.48,48.0
2019-02-12,98,48.0,,0.48,47.04
2019-02-13,82,48.0,,0.48,39.36
2019-02-14,65,48.0,,0.48,31.2
2019-02-15,81,48.0,,0.48,38.879999999999995
2019-02-16,70,48.0,,0.48,33.6
2019-02-17,96,48.0,,0.48,46.08
2019-02-18,86,48.0,,0.48,41.28
2019-02-19,98,48.0,,0.48,47.04
2019-02-20,88,48.0,,0.48,42.239999999999995
2019-02-21,77,48.0,,0.48,36.96
2019-02-22,81,48.0,,0.48,38.879999999999995
2019-02-23,86,48.0,,0.48,41.28
2019-02-24,81,48.0,,0.48,38.879999999999995
2019-02-25,95,48.0,,0.48,45.6
2019-02-26,81,48.0,,0.48,38.879999999999995
2019-02-27,89,48.0,,0.48,42.72
2019-02-28,94,48.0,,0.48,45.12
2019-03-01,83,46.0,False,0.46,38.18
2019-03-02,72,46.0,,0.46,33.120000000000005
2019-03-03,86,46.0,,0.46,39.56
2019-03-04,98,46.0,,0.46,45.080000000000005
2019-03-05,79,46.0,,0.46,36.34
2019-03-06,73,46.0,,0.46,33.58
2019-03-07,85,46.0,,0.46,39.1
2019-03-08,65,46.0,,0.46,29.900000000000002
2019-03-09,59,46.0,,0.46,27.14
2019-03-10,76,46.0,,0.46,34.96
2019-03-11,74,46.0,,0.46,34.04
2019-03-12,76,46.0,,0.46,34.96
2019-03-13,83,46.0,,0.46,38.18
2019-03-14,82,46.0,,0.46,37.72
2019-03-15,59,46.0,,0.46,27.14
2019-03-16,73,46.0,,0.46,33.58
2019-03-17,78,46.0,,0.46,35.88
2019-03-18,79,46.0,,0.46,36.34
2019-03-19,75,46.0,,0.46,34.5
2019-03-20,100,46.0,,0.46,46.0
2019-03-21,68,46.0,,0.46,31.28
2019-03-22,77,46.0,,0.46,35.42
2019-03-23,67,46.0,,0.46,30.82
2019-03-24,70,46.0,,0.46,32.2
2019-03-25,79,46.0,,0.46,36.34
2019-03-26,82,46.0,,0.46,37.72
2019-03-27,82,46.0,,0.46,37.72
2019-03-28,81,46.0,,0.46,37.260000000000005
2019-03-29,77,46.0,,0.46,35.42
2019-03-30,100,46.0,,0.46,46.0
2019-03-31,72,46.0,,0.46,33.120000000000005
2019-04-01,94,45.0,False,0.45,42.300000000000004
2019-04-02,85,45.0,,0.45,38.25
2019-04-03,87,45.0,,0.45,39.15
2019-04-04,91,45.0,,0.45,40.95
2019-04-05,88,45.0,,0.45,39.6
2019-04-06,90,45.0,,0.45,40.5
2019-04-07,70,45.0,,0.45,31.5
2019-04-08,98,45.0,,0.45,44.1
2019-04-09,97,45.0,,0.45,43.65
2019-04-10,89,45.0,,0.45,40.050000000000004
2019-04-11,87,45.0,,0.45,39.15
2019-04-12,76,45.0,,0.45,34.2
2019-04-13,91,45.0,,0.45,40.95
2019-04-14,79,45.0,,0.45,35.550000000000004
2019-04-15,93,45.0,,0.45,41.85
2019-04-16,79,45.0,,0.45,35.550000000000004
2019-04-17,84,45.0,,0.45,37.800000000000004
2019-04-18,89,45.0,,0.45,40.050000000000004
2019-04-19,69,45.0,,0.45,31.05
2019-04-20,83,45.0,,0.45,37.35
2019-04-21,84,45.0,,0.45,37.800000000000004
2019-04-22,81,45.0,,0.45,36.45
2019-04-23,90,45.0,,0.45,40.5
2019-04-24,92,45.0,,0.45,41.4
2019-04-25,90,45.0,,0.45,40.5
2019-04-26,92,45.0,,0.45,41.4
2019-04-27,68,45.0,,0.45,30.6
2019-04-28,71,45.0,,0.45,31.95
2019-04-29,100,45.0,,0.45,45.0
2019-04-30,76,45.0,,0.45,34.2
2019-05-01,71,44.0,False,0.44,31.24
2019-05-02,83,44.0,,0.44,36.52
2019-05-03,82,44.0,,0.44,36.08
2019-05-04,89,44.0,,0.44,39.160000000000004
2019-05-05,100,44.0,,0.44,44.0
2019-05-06,78,44.0,,0.44,34.32
2019-05-07,88,44.0,,0.44,38.72
2019-05-08,82,44.0,,0.44,36.08
2019-05-09,94,44.0,,0.44,41.36
2019-05-10,81,44.0,,0.44,35.64
2019-05-11,87,44.0,,0.44,38.28
2019-05-12,78,44.0,,0.44,34.32
2019-05-13,100,44.0,,0.44,44.0
2019-05-14,82,44.0,,0.44,36.08
2019-05-15,87,44.0,,0.44,38.28
2019-05-16,89,44.0,,0.44,39.160000000000004
2019-05-17,85,44.0,,0.44,37.4
2019-05-18,73,44.0,,0.44,32.12
2019-05-19,76,44.0,,0.44,33.44
2019-05-20,77,44.0,,0.44,33.88
2019-05-21,88,44.0,,0.44,38.72
2019-05-22,88,44.0,,0.44,38.72
2019-05-23,90,44.0,,0.44,39.6
2019-05-24,93,44.0,,0.44,40.92
2019-05-25,78,44.0,,0.44,34.32
2019-05-26,71,44.0,,0.44,31.24
2019-05-27,79,44.0,,0.44,34.76
2019-05-28,100,44.0,,0.44,44.0
2019-05-29,99,44.0,,0.44,43.56
2019-05-30,99,44.0,,0.44,43.56
2019-05-31,91,44.0,,0.44,40.04
2019-06-01,100,44.0,False,0.44,44.0
2019-06-02,95,44.0,,0.44,41.8
2019-06-03,76,44.0,,0.44,33.44
2019-06-04,88,44.0,,0.44,38.72
2019-06-05,90,44.0,,0.44,39.6
2019-06-06,72,44.0,,0.44,31.68
2019-06-07,69,44.0,,0.44,30.36
2019-06-08,90,44.0,,0.44,39.6
2019-06-09,62,44.0,,0.44,27.28
2019-06-10,84,44.0,,0.44,36.96
2019-06-11,68,44.0,,0.44,29.92
2019-06-12,75,44.0,,0.44,33.0
2019-06-13,65,44.0,,0.44,28.6
2019-06-14,64,44.0,,0.44,28.16
2019-06-15,77,44.0,,0.44,33.88
2019-06-16,75,44.0,,0.44,33.0
2019-06-17,75,44.0,,0.44,33.0
2019-06-18,80,44.0,,0.44,35.2
2019-06-19,76,44.0,,0.44,33.44
2019-06-20,72,44.0,,0.44,31.68
2019-06-21,85,44.0,,0.44,37.4
2019-06-22,69,44.0,,0.44,30.36
2019-06-23,70,44.0,,0.44,30.8
2019-06-24,81,44.0,,0.44,35.64
2019-06-25,71,44.0,,0.44,31.24
2019-06-26,71,44.0,,0.44,31.24
2019-06-27,64,44.0,,0.44,28.16
2019-06-28,67,44.0,,0.44,29.48
2019-06-29,69,44.0,,0.44,30.36
2019-06-30,73,44.0,,0.44,32.12
2019-07-01,88,41.0,False,0.41,36.08
2019-07-02,75,41.0,,0.41,30.749999999999996
2019-07-03,78,41.0,,0.41,31.979999999999997
2019-07-04,68,41.0,,0.41,27.88
2019-07-05,86,41.0,,0.41,35.26
2019-07-06,78,41.0,,0.41,31.979999999999997
2019-07-07,83,41.0,,0.41,34.03
2019-07-08,68,41.0,,0.41,27.88
2019-07-09,83,41.0,,0.41,34.03
2019-07-10,100,41.0,,0.41,41.0
2019-07-11,76,41.0,,0.41,31.159999999999997
2019-07-12,85,41.0,,0.41,34.85
2019-07-13,75,41.0,,0.41,30.749999999999996
2019-07-14,71,41.0,,0.41,29.11
2019-07-15,95,41.0,,0.41,38.949999999999996
2019-07-16,96,41.0,,0.41,39.36
2019-07-17,85,41.0,,0.41,34.85
2019-07-18,99,41.0,,0.41,40.589999999999996
2019-07-19,70,41.0,,0.41,28.7
2019-07-20,69,41.0,,0.41,28.29
2019-07-21,81,41.0,,0.41,33.21
2019-07-22,83,41.0,,0.41,34.03
2019-07-23,83,41.0,,0.41,34.03
2019-07-24,81,41.0,,0.41,33.21
2019-07-25,70,41.0,,0.41,28.7
2019-07-26,73,41.0,,0.41,29.93
2019-07-27,78,41.0,,0.41,31.979999999999997
2019-07-28,88,41.0,,0.41,36.08
2019-07-29,79,41.0,,0.41,32.39
2019-07-30,80,41.0,,0.41,32.8
2019-07-31,86,41.0,,0.41,35.26
2019-08-01,75,44.0,False,0.44,33.0
2019-08-02,68,44.0,,0.44,29.92
2019-08-03,70,44.0,,0.44,30.8
2019-08-04,69,44.0,,0.44,30.36
2019-08-05,80,44.0,,0.44,35.2
2019-08-06,73,44.0,,0.44,32.12
2019-08-07,84,44.0,,0.44,36.96
2019-08-08,66,44.0,,0.44,29.04
2019-08-09,61,44.0,,0.44,26.84
2019-08-10,54,44.0,,0.44,23.76
2019-08-11,63,44.0,,0.44,27.72
2019-08-12,69,44.0,,0.44,30.36
2019-08-13,61,44.0,,0.44,26.84
2019-08-14,59,44.0,,0.44,25.96
2019-08-15,51,44.0,,0.44,22.44
2019-08-16,81,44.0,,0.44,35.64
2019-08-17,63,44.0,,0.44,27.72
2019-08-18,73,44.0,,0.44,32.12
2019-08-19,93,44.0,,0.44,40.92
2019-08-20,89,44.0,,0.44,39.160000000000004
2019-08-21,69,44.0,,0.44,30.36
2019-08-22,93,44.0,,0.44,40.92
2019-08-23,77,44.0,,0.44,33.88
2019-08-24,60,44.0,,0.44,26.4
2019-08-25,72,44.0,,0.44,31.68
2019-08-26,84,44.0,,0.44,36.96
2019-08-27,100,44.0,,0.44,44.0
2019-08-28,80,44.0,,0.44,35.2
2019-08-29,94,44.0,,0.44,41.36
2019-08-30,93,44.0,,0.44,40.92
2019-08-31,89,44.0,,0.44,39.160000000000004
2019-09-01,62,59.0,False,0.59,36.58
2019-09-02,100,59.0,,0.59,59.0
2019-09-03,89,59.0,,0.59,52.51
2019-09-04,85,59.0,,0.59,50.15
2019-09-05,85,59.0,,0.59,50.15
2019-09-06,76,59.0,,0.59,44.839999999999996
2019-09-07,70,59.0,,0.59,41.3
2019-09-08,72,59.0,,0.59,42.48
2019-09-09,95,59.0,,0.59,56.05
2019-09-10,86,59.0,,0.59,50.739999999999995
2019-09-11,74,59.0,,0.59,43.66
2019-09-12,74,59.0,,0.59,43.66
2019-09-13,74,59.0,,0.59,43.66
2019-09-14,75,59.0,,0.59,44.25
2019-09-15,70,59.0,,0.59,41.3
2019-09-16,96,59.0,,0.59,56.64
2019-09-17,78,59.0,,0.59,46.019999999999996
2019-09-18,76,59.0,,0.59,44.839999999999996
2019-09-19,88,59.0,,0.59,51.919999999999995
2019-09-20,82,59.0,,0.59,48.379999999999995
2019-09-21,78,59.0,,0.59,46.019999999999996
2019-09-22,62,59.0,,0.59,36.58
2019-09-23,77,59.0,,0.59,45.43
2019-09-24,65,59.0,,0.59,38.35
2019-09-25,77,59.0,,0.59,45.43
2019-09-26,62,59.0,,0.59,36.58
2019-09-27,55,59.0,,0.59,32.449999999999996
2019-09-28,68,59.0,,0.59,40.12
2019-09-29,61,59.0,,0.59,35.989999999999995
2019-09-30,86,59.0,,0.59,50.739999999999995
2019-10-01,79,50.0,False,0.5,39.5
2019-10-02,88,50.0,,0.5,44.0
2019-10-03,87,50.0,,0.5,43.5
2019-10-04,80,50.0,,0.5,40.0
2019-10-05,85,50.0,,0.5,42.5
2019-10-06,77,50.0,,0.5,38.5
2019-10-07,100,50.0,,0.5,50.0
2019-10-08,95,50.0,,0.5,47.5
2019-10-09,84,50.0,,0.5,42.0
2019-10-10,93,50.0,,0.5,46.5
2019-10-11,80,50.0,,0.5,40.0
2019-10-12,79,50.0,,0.5,39.5
2019-10-13,68,50.0,,0.5,34.0
2019-10-14,93,50.0,,0.5,46.5
2019-10-15,82,50.0,,0.5,41.0
2019-10-16,96,50.0,,0.5,48.0
2019-10-17,92,50.0,,0.5,46.0
2019-10-18,81,50.0,,0.5,40.5
2019-10-19,73,50.0,,0.5,36.5
2019-10-20,75,50.0,,0.5,37.5
2019-10-21,88,50.0,,0.5,44.0
2019-10-22,87,50.0,,0.5,43.5
2019-10-23,90,50.0,,0.5,45.0
2019-10-24,86,50.0,,0.5,43.0
2019-10-25,76,50.0,,0.5,38.0
2019-10-26,64,50.0,,0.5,32.0
2019-10-27,70,50.0,,0.5,35.0
2019-10-28,75,50.0,,0.5,37.5
2019-10-29,74,50.0,,0.5,37.0
2019-10-30,79,50.0,,0.5,39.5
2019-10-31,77,50.0,,0.5,38.5
2019-11-01,81,44.0,False,0.44,35.64
2019-11-02,79,44.0,,0.44,34.76
2019-11-03,79,44.0,,0.44,34.76
2019-11-04,81,44.0,,0.44,35.64
2019-11-05,97,44.0,,0.44,42.68
2019-11-06,99,44.0,,0.44,43.56
2019-11-07,86,44.0,,0.44,37.84
2019-11-08,73,44.0,,0.44,32.12
2019-11-09,79,44.0,,0.44,34.76
2019-11-10,73,44.0,,0.44,32.12
2019-11-11,94,44.0,,0.44,41.36
2019-11-12,79,44.0,,0.44,34.76
2019-11-13,73,44.0,,0.44,32.12
2019-11-14,82,44.0,,0.44,36.08
2019-11-15,91,44.0,,0.44,40.04
2019-11-16,88,44.0,,0.44,38.72
2019-11-17,77,44.0,,0.44,33.88
2019-11-18,82,44.0,,0.44,36.08
2019-11-19,80,44.0,,0.44,35.2
2019-11-20,87,44.0,,0.44,38.28
2019-11-21,87,44.0,,0.44,38.28
2019-11-22,79,44.0,,0.44,34.76
2019-11-23,85,44.0,,0.44,37.4
2019-11-24,82,44.0,,0.44,36.08
2019-11-25,87,44.0,,0.44,38.28
2019-11-26,91,44.0,,0.44,40.04
2019-11-27,100,44.0,,0.44,44.0
2019-11-28,94,44.0,,0.44,41.36
2019-11-29,84,44.0,,0.44,36.96
2019-11-30,85,44.0,,0.44,37.4
2019-12-01,72,41.0,False,0.41,29.52
2019-12-02,84,41.0,,0.41,34.44
2019-12-03,85,41.0,,0.41,34.85
2019-12-04,87,41.0,,0.41,35.669999999999995
2019-12-05,98,41.0,,0.41,40.18
2019-12-06,89,41.0,,0.41,36.489999999999995
2019-12-07,78,41.0,,0.41,31.979999999999997
2019-12-08,77,41.0,,0.41,31.569999999999997
2019-12-09,80,41.0,,0.41,32.8
2019-12-10,79,41.0,,0.41,32.39
2019-12-11,95,41.0,,0.41,38.949999999999996
2019-12-12,72,41.0,,0.41,29.52
2019-12-13,98,41.0,,0.41,40.18
2019-12-14,83,41.0,,0.41,34.03
2019-12-15,94,41.0,,0.41,38.54
2019-12-16,89,41.0,,0.41,36.489999999999995
2019-12-17,100,41.0,,0.41,41.0
2019-12-18,75,41.0,,0.41,30.749999999999996
2019-12-19,72,41.0,,0.41,29.52
2019-12-20,84,41.0,,0.41,34.44
2019-12-21,89,41.0,,0.41,36.489999999999995
2019-12-22,84,41.0,,0.41,34.44
2019-12-23,93,41.0,,0.41,38.129999999999995
2019-12-24,93,41.0,,0.41,38.129999999999995
2019-12-25,85,41.0,,0.41,34.85
2019-12-26,85,41.0,,0.41,34.85
2019-12-27,98,41.0,,0.41,40.18
2019-12-28,85,41.0,,0.41,34.85
2019-12-29,86,41.0,,0.41,35.26
2019-12-30,72,41.0,,0.41,29.52
2019-12-31,76,41.0,,0.41,31.159999999999997
2020-01-01,65,51.0,False,0.51,33.15
2020-01-02,90,51.0,,0.51,45.9
2020-01-03,88,51.0,,0.51,44.88
2020-01-04,92,51.0,,0.51,46.92
2020-01-05,80,51.0,,0.51,40.8
2020-01-06,80,51.0,,0.51,40.8
2020-01-07,98,51.0,,0.51,49.980000000000004
2020-01-08,90,51.0,,0.51,45.9
2020-01-09,90,51.0,,0.51,45.9
2020-01-10,84,51.0,,0.51,42.84
2020-01-11,85,51.0,,0.51,43.35
2020-01-12,83,51.0,,0.51,42.33
2020-01-13,99,51.0,,0.51,50.49
2020-01-14,100,51.0,,0.51,51.0
2020-01-15,90,51.0,,0.51,45.9
2020-01-16,82,51.0,,0.51,41.82
2020-01-17,80,51.0,,0.51,40.8
2020-01-18,82,51.0,,0.51,41.82
2020-01-19,72,51.0,,0.51,36.72
2020-01-20,98,51.0,,0.51,49.980000000000004
2020-01-21,91,51.0,,0.51,46.410000000000004
2020-01-22,89,51.0,,0.51,45.39
2020-01-23,81,51.0,,0.51,41.31
2020-01-24,89,51.0,,0.51,45.39
2020-01-25,88,51.0,,0.51,44.88
2020-01-26,65,51.0,,0.51,33.15
2020-01-27,85,51.0,,0.51,43.35
2020-01-28,81,51.0,,0.51,41.31
2020-01-29,88,51.0,,0.51,44.88
2020-01-30,66,51.0,,0.51,33.660000000000004
2020-01-31,85,51.0,,0.51,43.35
2020-02-01,85,44.0,False,0.44,37.4
2020-02-02,75,44.0,,0.44,33.0
2020-02-03,82,44.0,,0.44,36.08
2020-02-04,85,44.0,,0.44,37.4
2020-02-05,83,44.0,,0.44,36.52
2020-02-06,84,44.0,,0.44,36.96
2020-02-07,78,44.0,,0.44,34.32
2020-02-08,72,44.0,,0.44,31.68
2020-02-09,76,44.0,,0.44,33.44
2020-02-10,89,44.0,,0.44,39.160000000000004
2020-02-11,97,44.0,,0.44,42.68
2020-02-12,95,44.0,,0.44,41.8
2020-02-13,79,44.0,,0.44,34.76
2020-02-14,82,44.0,,0.44,36.08
2020-02-15,73,44.0,,0.44,32.12
2020-02-16,77,44.0,,0.44,33.88
2020-02-17,96,44.0,,0.44,42.24
2020-02-18,95,44.0,,0.44,41.8
2020-02-19,98,44.0,,0.44,43.12
2020-02-20,87,44.0,,0.44,38.28
2020-02-21,80,44.0,,0.44,35.2
2020-02-22,64,44.0,,0.44,28.16
2020-02-23,73,44.0,,0.44,32.12
2020-02-24,100,44.0,,0.44,44.0
2020-02-25,72,44.0,,0.44,31.68
2020-02-26,76,44.0,,0.44,33.44
2020-02-27,72,44.0,,0.44,31.68
2020-02-28,82,44.0,,0.44,36.08
2020-02-29,81,44.0,,0.44,35.64
2020-03-01,53,73.0,False,0.73,38.69
2020-03-02,54,73.0,,0.73,39.42
2020-03-03,52,73.0,,0.73,37.96
2020-03-04,43,73.0,,0.73,31.39
2020-03-05,50,73.0,,0.73,36.5
2020-03-06,53,73.0,,0.73,38.69
2020-03-07,54,73.0,,0.73,39.42
2020-03-08,55,73.0,,0.73,40.15
2020-03-09,66,73.0,,0.73,48.18
2020-03-10,44,73.0,,0.73,32.12
2020-03-11,48,73.0,,0.73,35.04
2020-03-12,59,73.0,,0.73,43.07
2020-03-13,51,73.0,,0.73,37.23
2020-03-14,62,73.0,,0.73,45.26
2020-03-15,61,73.0,,0.73,44.53
2020-03-16,58,73.0,,0.73,42.339999999999996
2020-03-17,66,73.0,,0.73,48.18
2020-03-18,69,73.0,,0.73,50.37
2020-03-19,70,73.0,,0.73,51.1
2020-03-20,82,73.0,,0.73,59.86
2020-03-21,76,73.0,,0.73,55.48
2020-03-22,91,73.0,,0.73,66.42999999999999
2020-03-23,81,73.0,,0.73,59.129999999999995
2020-03-24,75,73.0,,0.73,54.75
2020-03-25,89,73.0,,0.73,64.97
2020-03-26,68,73.0,,0.73,49.64
2020-03-27,87,73.0,,0.73,63.51
2020-03-28,88,73.0,,0.73,64.24
2020-03-29,100,73.0,,0.73,73.0
2020-03-30,93,73.0,,0.73,67.89
2020-03-31,85,73.0,,0.73,62.05
2020-04-01,67,100.0,False,1.0,67.0
2020-04-02,65,100.0,,1.0,65.0
2020-04-03,73,100.0,,1.0,73.0
2020-04-04,73,100.0,,1.0,73.0
2020-04-05,90,100.0,,1.0,90.0
2020-04-06,74,100.0,,1.0,74.0
2020-04-07,76,100.0,,1.0,76.0
2020-04-08,80,100.0,,1.0,80.0
2020-04-09,81,100.0,,1.0,81.0
2020-04-10,90,100.0,,1.0,90.0
2020-04-11,68,100.0,,1.0,68.0
2020-04-12,76,100.0,,1.0,76.0
2020-04-13,100,100.0,,1.0,100.0
2020-04-14,88,100.0,,1.0,88.0
2020-04-15,80,100.0,,1.0,80.0
2020-04-16,77,100.0,,1.0,77.0
2020-04-17,75,100.0,,1.0,75.0
2020-04-18,81,100.0,,1.0,81.0
2020-04-19,96,100.0,,1.0,96.0
2020-04-20,71,100.0,,1.0,71.0
2020-04-21,68,100.0,,1.0,68.0
2020-04-22,71,100.0,,1.0,71.0
2020-04-23,76,100.0,,1.0,76.0
2020-04-24,68,100.0,,1.0,68.0
2020-04-25,74,100.0,,1.0,74.0
2020-04-26,70,100.0,,1.0,70.0
2020-04-27,56,100.0,,1.0,56.0
2020-04-28,60,100.0,,1.0,60.0
2020-04-29,63,100.0,,1.0,63.0
2020-04-30,61,100.0,,1.0,61.0
2020-05-01,97,66.0,False,0.66,64.02
2020-05-02,91,66.0,,0.66,60.06
2020-05-03,100,66.0,,0.66,66.0
2020-05-04,84,66.0,,0.66,55.440000000000005
2020-05-05,90,66.0,,0.66,59.400000000000006
2020-05-06,74,66.0,,0.66,48.84
2020-05-07,73,66.0,,0.66,48.18
2020-05-08,81,66.0,,0.66,53.46
2020-05-09,85,66.0,,0.66,56.1
2020-05-10,68,66.0,,0.66,44.88
2020-05-11,84,66.0,,0.66,55.440000000000005
2020-05-12,61,66.0,,0.66,40.260000000000005
2020-05-13,84,66.0,,0.66,55.440000000000005
2020-05-14,65,66.0,,0.66,42.9
2020-05-15,67,66.0,,0.66,44.22
2020-05-16,67,66.0,,0.66,44.22
2020-05-17,79,66.0,,0.66,52.14
2020-05-18,86,66.0,,0.66,56.760000000000005
2020-05-19,68,66.0,,0.66,44.88
2020-05-20,67,66.0,,0.66,44.22
2020-05-21,72,66.0,,0.66,47.52
2020-05-22,73,66.0,,0.66,48.18
2020-05-23,87,66.0,,0.66,57.42
2020-05-24,92,66.0,,0.66,60.720000000000006
2020-05-25,100,66.0,,0.66,66.0
2020-05-26,78,66.0,,0.66,51.480000000000004
2020-05-27,78,66.0,,0.66,51.480000000000004
2020-05-28,68,66.0,,0.66,44.88
2020-05-29,76,66.0,,0.66,50.160000000000004
2020-05-30,73,66.0,,0.66,48.18
2020-05-31,84,66.0,,0.66,55.440000000000005
2020-06-01,100,50.0,False,0.5,50.0
2020-06-02,75,50.0,,0.5,37.5
2020-06-03,83,50.0,,0.5,41.5
2020-06-04,78,50.0,,0.5,39.0
2020-06-05,77,50.0,,0.5,38.5
2020-06-06,72,50.0,,0.5,36.0
2020-06-07,75,50.0,,0.5,37.5
2020-06-08,87,50.0,,0.5,43.5
2020-06-09,77,50.0,,0.5,38.5
2020-06-10,76,50.0,,0.5,38.0
2020-06-11,77,50.0,,0.5,38.5
2020-06-12,69,50.0,,0.5,34.5
2020-06-13,72,50.0,,0.5,36.0
2020-06-14,71,50.0,,0.5,35.5
2020-06-15,76,50.0,,0.5,38.0
2020-06-16,71,50.0,,0.5,35.5
2020-06-17,70,50.0,,0.5,35.0
2020-06-18,71,50.0,,0.5,35.5
2020-06-19,67,50.0,,0.5,33.5
2020-06-20,70,50.0,,0.5,35.0
2020-06-21,59,50.0,,0.5,29.5
2020-06-22,73,50.0,,0.5,36.5
2020-06-23,64,50.0,,0.5,32.0
2020-06-24,74,50.0,,0.5,37.0
2020-06-25,76,50.0,,0.5,38.0
2020-06-26,66,50.0,,0.5,33.0
2020-06-27,63,50.0,,0.5,31.5
2020-06-28,58,50.0,,0.5,29.0
2020-06-29,68,50.0,,0.5,34.0
2020-06-30,62,50.0,,0.5,31.0
2020-07-01,83,42.0,False,0.42,34.86
2020-07-02,85,42.0,,0.42,35.699999999999996
2020-07-03,88,42.0,,0.42,36.96
2020-07-04,84,42.0,,0.42,35.28
2020-07-05,81,42.0,,0.42,34.019999999999996
2020-07-06,90,42.0,,0.42,37.8
2020-07-07,85,42.0,,0.42,35.699999999999996
2020-07-08,84,42.0,,0.42,35.28
2020-07-09,91,42.0,,0.42,38.22
2020-07-10,89,42.0,,0.42,37.379999999999995
2020-07-11,72,42.0,,0.42,30.24
2020-07-12,100,42.0,,0.42,42.0
2020-07-13,92,42.0,,0.42,38.64
2020-07-14,91,42.0,,0.42,38.22
2020-07-15,93,42.0,,0.42,39.059999999999995
2020-07-16,81,42.0,,0.42,34.019999999999996
2020-07-17,70,42.0,,0.42,29.4
2020-07-18,88,42.0,,0.42,36.96
2020-07-19,64,42.0,,0.42,26.88
2020-07-20,93,42.0,,0.42,39.059999999999995
2020-07-21,92,42.0,,0.42,38.64
2020-07-22,79,42.0,,0.42,33.18
2020-07-23,68,42.0,,0.42,28.56
2020-07-24,73,42.0,,0.42,30.66
2020-07-25,83,42.0,,0.42,34.86
2020-07-26,76,42.0,,0.42,31.919999999999998
2020-07-27,78,42.0,,0.42,32.76
2020-07-28,83,42.0,,0.42,34.86
2020-07-29,74,42.0,,0.42,31.08
2020-07-30,85,42.0,,0.42,35.699999999999996
2020-07-31,86,42.0,,0.42,36.12
2020-08-01,59,42.0,False,0.42,24.779999999999998
2020-08-02,48,42.0,,0.42,20.16
2020-08-03,60,42.0,,0.42,25.2
2020-08-04,56,42.0,,0.42,23.52
2020-08-05,56,42.0,,0.42,23.52
2020-08-06,64,42.0,,0.42,26.88
2020-08-07,55,42.0,,0.42,23.099999999999998
2020-08-08,55,42.0,,0.42,23.099999999999998
2020-08-09,53,42.0,,0.42,22.259999999999998
2020-08-10,68,42.0,,0.42,28.56
2020-08-11,54,42.0,,0.42,22.68
2020-08-12,55,42.0,,0.42,23.099999999999998
2020-08-13,53,42.0,,0.42,22.259999999999998
2020-08-14,45,42.0,,0.42,18.9
2020-08-15,45,42.0,,0.42,18.9
2020-08-16,60,42.0,,0.42,25.2
2020-08-17,53,42.0,,0.42,22.259999999999998
2020-08-18,52,42.0,,0.42,21.84
2020-08-19,61,42.0,,0.42,25.619999999999997
2020-08-20,60,42.0,,0.42,25.2
2020-08-21,65,42.0,,0.42,27.3
2020-08-22,63,42.0,,0.42,26.459999999999997
2020-08-23,69,42.0,,0.42,28.98
2020-08-24,85,42.0,,0.42,35.699999999999996
2020-08-25,73,42.0,,0.42,30.66
2020-08-26,72,42.0,,0.42,30.24
2020-08-27,83,42.0,,0.42,34.86
2020-08-28,74,42.0,,0.42,31.08
2020-08-29,75,42.0,,0.42,31.5
2020-08-30,75,42.0,,0.42,31.5
2020-08-31,100,42.0,,0.42,42.0
2020-09-01,95,58.0,False,0.58,55.099999999999994
2020-09-02,92,58.0,,0.58,53.36
2020-09-03,90,58.0,,0.58,52.199999999999996
2020-09-04,77,58.0,,0.58,44.66
2020-09-05,92,58.0,,0.58,53.36
2020-09-06,67,58.0,,0.58,38.86
2020-09-07,91,58.0,,0.58,52.779999999999994
2020-09-08,86,58.0,,0.58,49.879999999999995
2020-09-09,88,58.0,,0.58,51.04
2020-09-10,89,58.0,,0.58,51.62
2020-09-11,87,58.0,,0.58,50.459999999999994
2020-09-12,83,58.0,,0.58,48.13999999999999
2020-09-13,65,58.0,,0.58,37.699999999999996
2020-09-14,92,58.0,,0.58,53.36
2020-09-15,93,58.0,,0.58,53.94
2020-09-16,90,58.0,,0.58,52.199999999999996
2020-09-17,81,58.0,,0.58,46.98
2020-09-18,97,58.0,,0.58,56.26
2020-09-19,79,58.0,,0.58,45.82
2020-09-20,64,58.0,,0.58,37.12
2020-09-21,89,58.0,,0.58,51.62
2020-09-22,86,58.0,,0.58,49.879999999999995
2020-09-23,90,58.0,,0.58,52.199999999999996
2020-09-24,86,58.0,,0.58,49.879999999999995
2020-09-25,76,58.0,,0.58,44.08
2020-09-26,85,58.0,,0.58,49.3
2020-09-27,78,58.0,,0.58,45.239999999999995
2020-09-28,100,58.0,,0.58,57.99999999999999
2020-09-29,88,58.0,,0.58,51.04
2020-09-30,88,58.0,,0.58,51.04
2020-10-01,69,49.0,False,0.49,33.81
2020-10-02,68,49.0,,0.49,33.32
2020-10-03,61,49.0,,0.49,29.89
2020-10-04,57,49.0,,0.49,27.93
2020-10-05,80,49.0,,0.49,39.2
2020-10-06,69,49.0,,0.49,33.81
2020-10-07,63,49.0,,0.49,30.87
2020-10-08,57,49.0,,0.49,27.93
2020-10-09,80,49.0,,0.49,39.2
2020-10-10,70,49.0,,0.49,34.3
2020-10-11,68,49.0,,0.49,33.32
2020-10-12,77,49.0,,0.49,37.73
2020-10-13,65,49.0,,0.49,31.849999999999998
2020-10-14,70,49.0,,0.49,34.3
2020-10-15,62,49.0,,0.49,30.38
2020-10-16,65,49.0,,0.49,31.849999999999998
2020-10-17,54,49.0,,0.49,26.46
2020-10-18,65,49.0,,0.49,31.849999999999998
2020-10-19,58,49.0,,0.49,28.419999999999998
2020-10-20,69,49.0,,0.49,33.81
2020-10-21,70,49.0,,0.49,34.3
2020-10-22,60,49.0,,0.49,29.4
2020-10-23,50,49.0,,0.49,24.5
2020-10-24,63,49.0,,0.49,30.87
2020-10-25,95,49.0,,0.49,46.55
2020-10-26,100,49.0,,0.49,49.0
2020-10-27,73,49.0,,0.49,35.769999999999996
2020-10-28,65,49.0,,0.49,31.849999999999998
2020-10-29,62,49.0,,0.49,30.38
2020-10-30,68,49.0,,0.49,33.32
2020-10-31,48,49.0,,0.49,23.52
2020-11-01,100,43.0,False,0.43,43.0
2020-11-02,65,43.0,,0.43,27.95
2020-11-03,82,43.0,,0.43,35.26
2020-11-04,69,43.0,,0.43,29.669999999999998
2020-11-05,77,43.0,,0.43,33.11
2020-11-06,82,43.0,,0.43,35.26
2020-11-07,73,43.0,,0.43,31.39
2020-11-08,69,43.0,,0.43,29.669999999999998
2020-11-09,79,43.0,,0.43,33.97
2020-11-10,87,43.0,,0.43,37.41
2020-11-11,74,43.0,,0.43,31.82
2020-11-12,76,43.0,,0.43,32.68
2020-11-13,67,43.0,,0.43,28.81
2020-11-14,69,43.0,,0.43,29.669999999999998
2020-11-15,81,43.0,,0.43,34.83
2020-11-16,72,43.0,,0.43,30.96
2020-11-17,86,43.0,,0.43,36.98
2020-11-18,77,43.0,,0.43,33.11
2020-11-19,86,43.0,,0.43,36.98
2020-11-20,84,43.0,,0.43,36.12
2020-11-21,83,43.0,,0.43,35.69
2020-11-22,85,43.0,,0.43,36.55
2020-11-23,87,43.0,,0.43,37.41
2020-11-24,76,43.0,,0.43,32.68
2020-11-25,75,43.0,,0.43,32.25
2020-11-26,73,43.0,,0.43,31.39
2020-11-27,95,43.0,,0.43,40.85
2020-11-28,71,43.0,,0.43,30.53
2020-11-29,81,43.0,,0.43,34.83
2020-11-30,73,43.0,,0.43,31.39
2020-12-01,88,37.0,False,0.37,32.56
2020-12-02,88,37.0,,0.37,32.56
2020-12-03,72,37.0,,0.37,26.64
2020-12-04,78,37.0,,0.37,28.86
2020-12-05,86,37.0,,0.37,31.82
2020-12-06,83,37.0,,0.37,30.71
2020-12-07,84,37.0,,0.37,31.08
2020-12-08,75,37.0,,0.37,27.75
2020-12-09,69,37.0,,0.37,25.53
2020-12-10,86,37.0,,0.37,31.82
2020-12-11,88,37.0,,0.37,32.56
2020-12-12,78,37.0,,0.37,28.86
2020-12-13,75,37.0,,0.37,27.75
2020-12-14,88,37.0,,0.37,32.56
2020-12-15,78,37.0,,0.37,28.86
2020-12-16,86,37.0,,0.37,31.82
2020-12-17,64,37.0,,0.37,23.68
2020-12-18,73,37.0,,0.37,27.009999999999998
2020-12-19,74,37.0,,0.37,27.38
2020-12-20,77,37.0,,0.37,28.49
2020-12-21,76,37.0,,0.37,28.12
2020-12-22,61,37.0,,0.37,22.57
2020-12-23,57,37.0,,0.37,21.09
2020-12-24,54,37.0,,0.37,19.98
2020-12-25,98,37.0,,0.37,36.26
2020-12-26,100,37.0,,0.37,37.0
2020-12-27,90,37.0,,0.37,33.3
2020-12-28,94,37.0,,0.37,34.78
2020-12-29,70,37.0,,0.37,25.9
2020-12-30,72,37.0,,0.37,26.64
2020-12-31,81,37.0,,0.37,29.97
2021-01-01,100,41.0,False,0.41,41.0
2021-01-02,82,41.0,,0.41,33.62
2021-01-03,87,41.0,,0.41,35.669999999999995
2021-01-04,78,41.0,,0.41,31.979999999999997
2021-01-05,84,41.0,,0.41,34.44
2021-01-06,77,41.0,,0.41,31.569999999999997
2021-01-07,69,41.0,,0.41,28.29
2021-01-08,71,41.0,,0.41,29.11
2021-01-09,58,41.0,,0.41,23.779999999999998
2021-01-10,82,41.0,,0.41,33.62
2021-01-11,89,41.0,,0.41,36.489999999999995
2021-01-12,76,41.0,,0.41,31.159999999999997
2021-01-13,62,41.0,,0.41,25.419999999999998
2021-01-14,65,41.0,,0.41,26.65
2021-01-15,65,41.0,,0.41,26.65
2021-01-16,88,41.0,,0.41,36.08
2021-01-17,77,41.0,,0.41,31.569999999999997
2021-01-18,82,41.0,,0.41,33.62
2021-01-19,75,41.0,,0.41,30.749999999999996
2021-01-20,82,41.0,,0.41,33.62
2021-01-21,77,41.0,,0.41,31.569999999999997
2021-01-22,72,41.0,,0.41,29.52
2021-01-23,62,41.0,,0.41,25.419999999999998
2021-01-24,81,41.0,,0.41,33.21
2021-01-25,73,41.0,,0.41,29.93
2021-01-26,89,41.0,,0.41,36.489999999999995
2021-01-27,66,41.0,,0.41,27.06
2021-01-28,78,41.0,,0.41,31.979999999999997
2021-01-29,79,41.0,,0.41,32.39
2021-01-30,78,41.0,,0.41,31.979999999999997
2021-01-31,84,41.0,,0.41,34.44
2021-02-01,100,36.0,False,0.36,36.0
2021-02-02,71,36.0,,0.36,25.56
2021-02-03,71,36.0,,0.36,25.56
2021-02-04,76,36.0,,0.36,27.36
2021-02-05,68,36.0,,0.36,24.48
2021-02-06,56,36.0,,0.36,20.16
2021-02-07,68,36.0,,0.36,24.48
2021-02-08,82,36.0,,0.36,29.52
2021-02-09,71,36.0,,0.36,25.56
2021-02-10,73,36.0,,0.36,26.279999999999998
2021-02-11,61,36.0,,0.36,21.96
2021-02-12,71,36.0,,0.36,25.56
2021-02-13,59,36.0,,0.36,21.24
2021-02-14,57,36.0,,0.36,20.52
2021-02-15,68,36.0,,0.36,24.48
2021-02-16,64,36.0,,0.36,23.04
2021-02-17,71,36.0,,0.36,25.56
2021-02-18,66,36.0,,0.36,23.759999999999998
2021-02-19,62,36.0,,0.36,22.32
2021-02-20,62,36.0,,0.36,22.32
2021-02-21,69,36.0,,0.36,24.84
2021-02-22,82,36.0,,0.36,29.52
2021-02-23,63,36.0,,0.36,22.68
2021-02-24,59,36.0,,0.36,21.24
2021-02-25,78,36.0,,0.36,28.08
2021-02-26,58,36.0,,0.36,20.88
2021-02-27,60,36.0,,0.36,21.599999999999998
2021-02-28,79,36.0,,0.36,28.439999999999998
2021-03-01,90,38.0,False,0.38,34.2
2021-03-02,75,38.0,,0.38,28.5
2021-03-03,56,38.0,,0.38,21.28
2021-03-04,76,38.0,,0.38,28.88
2021-03-05,72,38.0,,0.38,27.36
2021-03-06,67,38.0,,0.38,25.46
2021-03-07,96,38.0,,0.38,36.480000000000004
2021-03-08,79,38.0,,0.38,30.02
2021-03-09,74,38.0,,0.38,28.12
2021-03-10,78,38.0,,0.38,29.64
2021-03-11,87,38.0,,0.38,33.06
2021-03-12,76,38.0,,0.38,28.88
2021-03-13,97,38.0,,0.38,36.86
2021-03-14,90,38.0,,0.38,34.2
2021-03-15,72,38.0,,0.38,27.36
2021-03-16,92,38.0,,0.38,34.96
2021-03-17,82,38.0,,0.38,31.16
2021-03-18,87,38.0,,0.38,33.06
2021-03-19,92,38.0,,0.38,34.96
2021-03-20,90,38.0,,0.38,34.2
2021-03-21,82,38.0,,0.38,31.16
2021-03-22,99,38.0,,0.38,37.62
2021-03-23,85,38.0,,0.38,32.3
2021-03-24,89,38.0,,0.38,33.82
2021-03-25,82,38.0,,0.38,31.16
2021-03-26,96,38.0,,0.38,36.480000000000004
2021-03-27,76,38.0,,0.38,28.88
2021-03-28,100,38.0,,0.38,38.0
2021-03-29,88,38.0,,0.38,33.44
2021-03-30,82,38.0,,0.38,31.16
2021-03-31,71,38.0,,0.38,26.98
2021-04-01,70,37.0,False,0.37,25.9
2021-04-02,51,37.0,,0.37,18.87
2021-04-03,62,37.0,,0.37,22.94
2021-04-04,50,37.0,,0.37,18.5
2021-04-05,77,37.0,,0.37,28.49
2021-04-06,80,37.0,,0.37,29.6
2021-04-07,76,37.0,,0.37,28.12
2021-04-08,70,37.0,,0.37,25.9
2021-04-09,77,37.0,,0.37,28.49
2021-04-10,82,37.0,,0.37,30.34
2021-04-11,100,37.0,,0.37,37.0
2021-04-12,89,37.0,,0.37,32.93
2021-04-13,91,37.0,,0.37,33.67
2021-04-14,63,37.0,,0.37,23.31
2021-04-15,90,37.0,,0.37,33.3
2021-04-16,68,37.0,,0.37,25.16
2021-04-17,64,37.0,,0.37,23.68
2021-04-18,85,37.0,,0.37,31.45
2021-04-19,93,37.0,,0.37,34.41
2021-04-20,87,37.0,,0.37,32.19
2021-04-21,63,37.0,,0.37,23.31
2021-04-22,66,37.0,,0.37,24.419999999999998
2021-04-23,65,37.0,,0.37,24.05
2021-04-24,72,37.0,,0.37,26.64
2021-04-25,67,37.0,,0.37,24.79
2021-04-26,80,37.0,,0.37,29.6
2021-04-27,87,37.0,,0.37,32.19
2021-04-28,72,37.0,,0.37,26.64
2021-04-29,72,37.0,,0.37,26.64
2021-04-30,77,37.0,,0.37,28.49
2021-05-01,53,37.0,False,0.37,19.61
2021-05-02,40,37.0,,0.37,14.8
2021-05-03,54,37.0,,0.37,19.98
2021-05-04,50,37.0,,0.37,18.5
2021-05-05,52,37.0,,0.37,19.24
2021-05-06,52,37.0,,0.37,19.24
2021-05-07,60,37.0,,0.37,22.2
2021-05-08,45,37.0,,0.37,16.65
2021-05-09,52,37.0,,0.37,19.24
2021-05-10,53,37.0,,0.37,19.61
2021-05-11,51,37.0,,0.37,18.87
2021-05-12,54,37.0,,0.37,19.98
2021-05-13,43,37.0,,0.37,15.91
2021-05-14,50,37.0,,0.37,18.5
2021-05-15,52,37.0,,0.37,19.24
2021-05-16,58,37.0,,0.37,21.46
2021-05-17,52,37.0,,0.37,19.24
2021-05-18,61,37.0,,0.37,22.57
2021-05-19,68,37.0,,0.37,25.16
2021-05-20,68,37.0,,0.37,25.16
2021-05-21,49,37.0,,0.37,18.13
2021-05-22,58,37.0,,0.37,21.46
2021-05-23,56,37.0,,0.37,20.72
2021-05-24,100,37.0,,0.37,37.0
2021-05-25,79,37.0,,0.37,29.23
2021-05-26,65,37.0,,0.37,24.05
2021-05-27,68,37.0,,0.37,25.16
2021-05-28,67,37.0,,0.37,24.79
2021-05-29,65,37.0,,0.37,24.05
2021-05-30,69,37.0,,0.37,25.53
2021-05-31,75,37.0,,0.37,27.75
2021-06-01,71,38.0,False,0.38,26.98
2021-06-02,100,38.0,,0.38,38.0
2021-06-03,76,38.0,,0.38,28.88
2021-06-04,86,38.0,,0.38,32.68
2021-06-05,79,38.0,,0.38,30.02
2021-06-06,85,38.0,,0.38,32.3
2021-06-07,78,38.0,,0.38,29.64
2021-06-08,89,38.0,,0.38,33.82
2021-06-09,77,38.0,,0.38,29.26
2021-06-10,85,38.0,,0.38,32.3
2021-06-11,69,38.0,,0.38,26.22
2021-06-12,60,38.0,,0.38,22.8
2021-06-13,75,38.0,,0.38,28.5
2021-06-14,72,38.0,,0.38,27.36
2021-06-15,78,38.0,,0.38,29.64
2021-06-16,68,38.0,,0.38,25.84
2021-06-17,76,38.0,,0.38,28.88
2021-06-18,63,38.0,,0.38,23.94
2021-06-19,74,38.0,,0.38,28.12
2021-06-20,70,38.0,,0.38,26.6
2021-06-21,78,38.0,,0.38,29.64
2021-06-22,77,38.0,,0.38,29.26
2021-06-23,65,38.0,,0.38,24.7
2021-06-24,66,38.0,,0.38,25.080000000000002
2021-06-25,65,38.0,,0.38,24.7
2021-06-26,70,38.0,,0.38,26.6
2021-06-27,71,38.0,,0.38,26.98
2021-06-28,73,38.0,,0.38,27.740000000000002
2021-06-29,68,38.0,,0.38,25.84
2021-06-30,76,38.0,,0.38,28.88
2021-07-01,88,32.0,False,0.32,28.16
2021-07-02,77,32.0,,0.32,24.64
2021-07-03,77,32.0,,0.32,24.64
2021-07-04,71,32.0,,0.32,22.72
2021-07-05,95,32.0,,0.32,30.400000000000002
2021-07-06,83,32.0,,0.32,26.560000000000002
2021-07-07,84,32.0,,0.32,26.88
2021-07-08,68,32.0,,0.32,21.76
2021-07-09,70,32.0,,0.32,22.400000000000002
2021-07-10,81,32.0,,0.32,25.92
2021-07-11,59,32.0,,0.32,18.88
2021-07-12,84,32.0,,0.32,26.88
2021-07-13,90,32.0,,0.32,28.8
2021-07-14,100,32.0,,0.32,32.0
2021-07-15,100,32.0,,0.32,32.0
2021-07-16,69,32.0,,0.32,22.080000000000002
2021-07-17,93,32.0,,0.32,29.76
2021-07-18,90,32.0,,0.32,28.8
2021-07-19,85,32.0,,0.32,27.2
2021-07-20,87,32.0,,0.32,27.84
2021-07-21,97,32.0,,0.32,31.04
2021-07-22,99,32.0,,0.32,31.68
2021-07-23,92,32.0,,0.32,29.44
2021-07-24,86,32.0,,0.32,27.52
2021-07-25,80,32.0,,0.32,25.6
2021-07-26,90,32.0,,0.32,28.8
2021-07-27,88,32.0,,0.32,28.16
2021-07-28,81,32.0,,0.32,25.92
2021-07-29,85,32.0,,0.32,27.2
2021-07-30,89,32.0,,0.32,28.48
2021-07-31,89,32.0,,0.32,28.48
2021-08-01,51,37.0,False,0.37,18.87
2021-08-02,64,37.0,,0.37,23.68
2021-08-03,53,37.0,,0.37,19.61
2021-08-04,52,37.0,,0.37,19.24
2021-08-05,59,37.0,,0.37,21.83
2021-08-06,55,37.0,,0.37,20.35
2021-08-07,44,37.0,,0.37,16.28
2021-08-08,60,37.0,,0.37,22.2
2021-08-09,65,37.0,,0.37,24.05
2021-08-10,62,37.0,,0.37,22.94
2021-08-11,53,37.0,,0.37,19.61
2021-08-12,55,37.0,,0.37,20.35
2021-08-13,49,37.0,,0.37,18.13
2021-08-14,50,37.0,,0.37,18.5
2021-08-15,51,37.0,,0.37,18.87
2021-08-16,66,37.0,,0.37,24.419999999999998
2021-08-17,57,37.0,,0.37,21.09
2021-08-18,54,37.0,,0.37,19.98
2021-08-19,59,37.0,,0.37,21.83
2021-08-20,57,37.0,,0.37,21.09
2021-08-21,62,37.0,,0.37,22.94
2021-08-22,58,37.0,,0.37,21.46
2021-08-23,83,37.0,,0.37,30.71
2021-08-24,73,37.0,,0.37,27.009999999999998
2021-08-25,65,37.0,,0.37,24.05
2021-08-26,74,37.0,,0.37,27.38
2021-08-27,80,37.0,,0.37,29.6
2021-08-28,74,37.0,,0.37,27.38
2021-08-29,56,37.0,,0.37,20.72
2021-08-30,83,37.0,,0.37,30.71
2021-08-31,100,37.0,,0.37,37.0
2021-09-01,84,44.0,False,0.44,36.96
2021-09-02,66,44.0,,0.44,29.04
2021-09-03,61,44.0,,0.44,26.84
2021-09-04,68,44.0,,0.44,29.92
2021-09-05,71,44.0,,0.44,31.24
2021-09-06,93,44.0,,0.44,40.92
2021-09-07,69,44.0,,0.44,30.36
2021-09-08,74,44.0,,0.44,32.56
2021-09-09,72,44.0,,0.44,31.68
2021-09-10,68,44.0,,0.44,29.92
2021-09-11,58,44.0,,0.44,25.52
2021-09-12,56,44.0,,0.44,24.64
2021-09-13,100,44.0,,0.44,44.0
2021-09-14,79,44.0,,0.44,34.76
2021-09-15,77,44.0,,0.44,33.88
2021-09-16,90,44.0,,0.44,39.6
2021-09-17,70,44.0,,0.44,30.8
2021-09-18,73,44.0,,0.44,32.12
2021-09-19,54,44.0,,0.44,23.76
2021-09-20,76,44.0,,0.44,33.44
2021-09-21,67,44.0,,0.44,29.48
2021-09-22,72,44.0,,0.44,31.68
2021-09-23,67,44.0,,0.44,29.48
2021-09-24,71,44.0,,0.44,31.24
2021-09-25,60,44.0,,0.44,26.4
2021-09-26,70,44.0,,0.44,30.8
2021-09-27,69,44.0,,0.44,30.36
2021-09-28,77,44.0,,0.44,33.88
2021-09-29,76,44.0,,0.44,33.44
2021-09-30,68,44.0,,0.44,29.92
2021-10-01,88,39.0,False,0.39,34.32
2021-10-02,96,39.0,,0.39,37.44
2021-10-03,73,39.0,,0.39,28.470000000000002
2021-10-04,87,39.0,,0.39,33.93
2021-10-05,99,39.0,,0.39,38.61
2021-10-06,83,39.0,,0.39,32.370000000000005
2021-10-07,100,39.0,,0.39,39.0
2021-10-08,75,39.0,,0.39,29.25
2021-10-09,77,39.0,,0.39,30.03
2021-10-10,80,39.0,,0.39,31.200000000000003
2021-10-11,80,39.0,,0.39,31.200000000000003
2021-10-12,82,39.0,,0.39,31.98
2021-10-13,95,39.0,,0.39,37.050000000000004
2021-10-14,67,39.0,,0.39,26.130000000000003
2021-10-15,74,39.0,,0.39,28.86
2021-10-16,59,39.0,,0.39,23.01
2021-10-17,66,39.0,,0.39,25.740000000000002
2021-10-18,73,39.0,,0.39,28.470000000000002
2021-10-19,66,39.0,,0.39,25.740000000000002
2021-10-20,81,39.0,,0.39,31.59
2021-10-21,77,39.0,,0.39,30.03
2021-10-22,70,39.0,,0.39,27.3
2021-10-23,74,39.0,,0.39,28.86
2021-10-24,61,39.0,,0.39,23.79
2021-10-25,86,39.0,,0.39,33.54
2021-10-26,73,39.0,,0.39,28.470000000000002
2021-10-27,82,39.0,,0.39,31.98
2021-10-28,61,39.0,,0.39,23.79
2021-10-29,74,39.0,,0.39,28.86
2021-10-30,59,39.0,,0.39,23.01
2021-10-31,63,39.0,,0.39,24.57
2021-11-01,80,39.0,False,0.39,31.200000000000003
2021-11-02,100,39.0,,0.39,39.0
2021-11-03,98,39.0,,0.39,38.22
2021-11-04,91,39.0,,0.39,35.49
2021-11-05,80,39.0,,0.39,31.200000000000003
2021-11-06,82,39.0,,0.39,31.98
2021-11-07,92,39.0,,0.39,35.88
2021-11-08,82,39.0,,0.39,31.98
2021-11-09,99,39.0,,0.39,38.61
2021-11-10,83,39.0,,0.39,32.370000000000005
2021-11-11,88,39.0,,0.39,34.32
2021-11-12,85,39.0,,0.39,33.15
2021-11-13,79,39.0,,0.39,30.810000000000002
2021-11-14,83,39.0,,0.39,32.370000000000005
2021-11-15,78,39.0,,0.39,30.42
2021-11-16,73,39.0,,0.39,28.470000000000002
2021-11-17,84,39.0,,0.39,32.76
2021-11-18,84,39.0,,0.39,32.76
2021-11-19,71,39.0,,0.39,27.69
2021-11-20,74,39.0,,0.39,28.86
2021-11-21,67,39.0,,0.39,26.130000000000003
2021-11-22,72,39.0,,0.39,28.080000000000002
2021-11-23,65,39.0,,0.39,25.35
2021-11-24,86,39.0,,0.39,33.54
2021-11-25,85,39.0,,0.39,33.15
2021-11-26,75,39.0,,0.39,29.25
2021-11-27,84,39.0,,0.39,32.76
2021-11-28,82,39.0,,0.39,31.98
2021-11-29,74,39.0,,0.39,28.86
2021-11-30,80,39.0,,0.39,31.200000000000003
2021-12-01,94,32.0,False,0.32,30.080000000000002
2021-12-02,97,32.0,,0.32,31.04
2021-12-03,77,32.0,,0.32,24.64
2021-12-04,78,32.0,,0.32,24.96
2021-12-05,78,32.0,,0.32,24.96
2021-12-06,93,32.0,,0.32,29.76
2021-12-07,78,32.0,,0.32,24.96
2021-12-08,75,32.0,,0.32,24.0
2021-12-09,96,32.0,,0.32,30.72
2021-12-10,61,32.0,,0.32,19.52
2021-12-11,97,32.0,,0.32,31.04
2021-12-12,79,32.0,,0.32,25.28
2021-12-13,79,32.0,,0.32,25.28
2021-12-14,78,32.0,,0.32,24.96
2021-12-15,69,32.0,,0.32,22.080000000000002
2021-12-16,84,32.0,,0.32,26.88
2021-12-17,98,32.0,,0.32,31.36
2021-12-18,87,32.0,,0.32,27.84
2021-12-19,74,32.0,,0.32,23.68
2021-12-20,87,32.0,,0.32,27.84
2021-12-21,85,32.0,,0.32,27.2
2021-12-22,57,32.0,,0.32,18.240000000000002
2021-12-23,83,32.0,,0.32,26.560000000000002
2021-12-24,89,32.0,,0.32,28.48
2021-12-25,84,32.0,,0.32,26.88
2021-12-26,87,32.0,,0.32,27.84
2021-12-27,96,32.0,,0.32,30.72
2021-12-28,95,32.0,,0.32,30.400000000000002
2021-12-29,100,32.0,,0.32,32.0
2021-12-30,85,32.0,,0.32,27.2
2021-12-31,70,32.0,,0.32,22.400000000000002
2022-01-01,51,41.0,False,0.41,20.91
2022-01-02,67,41.0,,0.41,27.47
2022-01-03,82,41.0,,0.41,33.62
2022-01-04,81,41.0,,0.41,33.21
2022-01-05,61,41.0,,0.41,25.009999999999998
2022-01-06,72,41.0,,0.41,29.52
2022-01-07,75,41.0,,0.41,30.749999999999996
2022-01-08,78,41.0,,0.41,31.979999999999997
2022-01-09,88,41.0,,0.41,36.08
2022-01-10,90,41.0,,0.41,36.9
2022-01-11,68,41.0,,0.41,27.88
2022-01-12,69,41.0,,0.41,28.29
2022-01-13,89,41.0,,0.41,36.489999999999995
2022-01-14,73,41.0,,0.41,29.93
2022-01-15,78,41.0,,0.41,31.979999999999997
2022-01-16,66,41.0,,0.41,27.06
2022-01-17,90,41.0,,0.41,36.9
2022-01-18,49,41.0,,0.41,20.09
2022-01-19,66,41.0,,0.41,27.06
2022-01-20,81,41.0,,0.41,33.21
2022-01-21,56,41.0,,0.41,22.959999999999997
2022-01-22,69,41.0,,0.41,28.29
2022-01-23,66,41.0,,0.41,27.06
2022-01-24,77,41.0,,0.41,31.569999999999997
2022-01-25,79,41.0,,0.41,32.39
2022-01-26,84,41.0,,0.41,34.44
2022-01-27,84,41.0,,0.41,34.44
2022-01-28,75,41.0,,0.41,30.749999999999996
2022-01-29,82,41.0,,0.41,33.62
2022-01-30,70,41.0,,0.41,28.7
2022-01-31,100,41.0,,0.41,41.0
2022-02-01,65,39.0,False,0.39,25.35
2022-02-02,85,39.0,,0.39,33.15
2022-02-03,55,39.0,,0.39,21.45
2022-02-04,72,39.0,,0.39,28.080000000000002
2022-02-05,80,39.0,,0.39,31.200000000000003
2022-02-06,53,39.0,,0.39,20.67
2022-02-07,78,39.0,,0.39,30.42
2022-02-08,74,39.0,,0.39,28.86
2022-02-09,81,39.0,,0.39,31.59
2022-02-10,70,39.0,,0.39,27.3
2022-02-11,69,39.0,,0.39,26.91
2022-02-12,91,39.0,,0.39,35.49
2022-02-13,78,39.0,,0.39,30.42
2022-02-14,76,39.0,,0.39,29.64
2022-02-15,77,39.0,,0.39,30.03
2022-02-16,88,39.0,,0.39,34.32
2022-02-17,82,39.0,,0.39,31.98
2022-02-18,76,39.0,,0.39,29.64
2022-02-19,88,39.0,,0.39,34.32
2022-02-20,82,39.0,,0.39,31.98
2022-02-21,78,39.0,,0.39,30.42
2022-02-22,77,39.0,,0.39,30.03
2022-02-23,100,39.0,,0.39,39.0
2022-02-24,65,39.0,,0.39,25.35
2022-02-25,66,39.0,,0.39,25.740000000000002
2022-02-26,65,39.0,,0.39,25.35
2022-02-27,67,39.0,,0.39,26.130000000000003
2022-02-28,85,39.0,,0.39,33.15
2022-03-01,75,42.0,False,0.42,31.5
2022-03-02,80,42.0,,0.42,33.6
2022-03-03,86,42.0,,0.42,36.12
2022-03-04,84,42.0,,0.42,35.28
2022-03-05,75,42.0,,0.42,31.5
2022-03-06,69,42.0,,0.42,28.98
2022-03-07,88,42.0,,0.42,36.96
2022-03-08,86,42.0,,0.42,36.12
2022-03-09,80,42.0,,0.42,33.6
2022-03-10,79,42.0,,0.42,33.18
2022-03-11,71,42.0,,0.42,29.82
2022-03-12,83,42.0,,0.42,34.86
2022-03-13,80,42.0,,0.42,33.6
2022-03-14,80,42.0,,0.42,33.6
2022-03-15,79,42.0,,0.42,33.18
2022-03-16,67,42.0,,0.42,28.14
2022-03-17,87,42.0,,0.42,36.54
2022-03-18,74,42.0,,0.42,31.08
2022-03-19,87,42.0,,0.42,36.54
2022-03-20,76,42.0,,0.42,31.919999999999998
2022-03-21,100,42.0,,0.42,42.0
2022-03-22,86,42.0,,0.42,36.12
2022-03-23,94,42.0,,0.42,39.48
2022-03-24,79,42.0,,0.42,33.18
2022-03-25,70,42.0,,0.42,29.4
2022-03-26,80,42.0,,0.42,33.6
2022-03-27,97,42.0,,0.42,40.74
2022-03-28,88,42.0,,0.42,36.96
2022-03-29,78,42.0,,0.42,32.76
2022-03-30,93,42.0,,0.42,39.059999999999995
2022-03-31,83,42.0,,0.42,34.86
